{"v":"5.4.4","fr":30,"ip":227,"op":276,"w":500,"h":500,"nm":"Delivering","ddd":0,"assets":[{"id":"comp_0","layers":[{"ddd":0,"ind":1,"ty":4,"nm":"Shape Layer 4","td":1,"sr":1,"ks":{"o":{"a":0,"k":100,"ix":11},"r":{"a":0,"k":0,"ix":10},"p":{"a":1,"k":[{"i":{"x":0.667,"y":1},"o":{"x":0.167,"y":0.167},"t":255,"s":[250,702,0],"e":[250,250,0],"to":[0,-75.333,0],"ti":[0,75.333,0]},{"t":265}],"ix":2},"a":{"a":0,"k":[0,0,0],"ix":1},"s":{"a":0,"k":[100,100,100],"ix":6}},"ao":0,"shapes":[{"ty":"gr","it":[{"ty":"rc","d":1,"s":{"a":0,"k":[238,454],"ix":2},"p":{"a":0,"k":[0,0],"ix":3},"r":{"a":0,"k":0,"ix":4},"nm":"Rectangle Path 1","mn":"ADBE Vector Shape - Rect","hd":false},{"ty":"st","c":{"a":0,"k":[1,1,1,1],"ix":3},"o":{"a":0,"k":100,"ix":4},"w":{"a":0,"k":0,"ix":5},"lc":1,"lj":1,"ml":4,"bm":0,"nm":"Stroke 1","mn":"ADBE Vector Graphic - Stroke","hd":false},{"ty":"fl","c":{"a":0,"k":[1,1,1,1],"ix":4},"o":{"a":0,"k":100,"ix":5},"r":1,"bm":0,"nm":"Fill 1","mn":"ADBE Vector Graphic - Fill","hd":false},{"ty":"tr","p":{"a":0,"k":[-73,31],"ix":2},"a":{"a":0,"k":[0,0],"ix":1},"s":{"a":0,"k":[100,100],"ix":3},"r":{"a":0,"k":0,"ix":6},"o":{"a":0,"k":100,"ix":7},"sk":{"a":0,"k":0,"ix":4},"sa":{"a":0,"k":0,"ix":5},"nm":"Transform"}],"nm":"Rectangle 1","np":3,"cix":2,"bm":0,"ix":1,"mn":"ADBE Vector Group","hd":false}],"ip":227,"op":275,"st":0,"bm":0},{"ddd":0,"ind":2,"ty":4,"nm":"Left Coupon","tt":1,"sr":1,"ks":{"o":{"a":0,"k":100,"ix":11},"r":{"a":0,"k":0,"ix":10},"p":{"a":0,"k":[250,250,0],"ix":2},"a":{"a":0,"k":[256,256,0],"ix":1},"s":{"a":0,"k":[75,75,100],"ix":6}},"ao":0,"ef":[{"ty":5,"nm":"Wiggle - scale","np":6,"mn":"ADBE CM WiggleScale","ix":1,"en":1,"ef":[{"ty":0,"nm":"Wiggle Speed (wigs/sec)","mn":"ADBE CM WiggleScale-0001","ix":1,"v":{"a":0,"k":1,"ix":1}},{"ty":0,"nm":"Wiggle Amount","mn":"ADBE CM WiggleScale-0002","ix":2,"v":{"a":1,"k":[{"i":{"x":[0.833],"y":[0.833]},"o":{"x":[0.167],"y":[0.167]},"t":265,"s":[10],"e":[0]},{"t":270}],"ix":2}},{"ty":7,"nm":"Wiggle Width Separately?","mn":"ADBE CM WiggleScale-0003","ix":3,"v":{"a":0,"k":1,"ix":3}},{"ty":0,"nm":"Wiggle Width","mn":"ADBE CM WiggleScale-0004","ix":4,"v":{"a":1,"k":[{"i":{"x":[0.833],"y":[0.833]},"o":{"x":[0.167],"y":[0.167]},"t":265,"s":[10],"e":[0]},{"t":270}],"ix":4}}]},{"ty":5,"nm":"(Transform)","np":14,"mn":"ADBE Geometry2","ix":2,"en":1,"ef":[{"ty":3,"nm":"Anchor Point","mn":"ADBE Geometry2-0001","ix":1,"v":{"a":0,"k":[0,0],"ix":1,"x":"var $bm_rt;\n$bm_rt = $bm_transform.anchorPoint;"}},{"ty":3,"nm":"Position","mn":"ADBE Geometry2-0002","ix":2,"v":{"a":0,"k":[0,0],"ix":2,"x":"var $bm_rt;\n$bm_rt = $bm_transform.anchorPoint;"}},{"ty":7,"nm":"Uniform Scale","mn":"ADBE Geometry2-0011","ix":3,"v":{"a":0,"k":0,"ix":3}},{"ty":0,"nm":"Scale Height","mn":"ADBE Geometry2-0003","ix":4,"v":{"a":0,"k":100,"ix":4,"x":"var $bm_rt;\nvar newScale, newScale;\n$bm_rt = newScale = wiggle(effect('Wiggle - scale')('Wiggle Speed (wigs/sec)'), effect('Wiggle - scale')('Wiggle Amount'));\nif (newScale < 0) {\n    $bm_rt = newScale = 0;\n}"}},{"ty":0,"nm":"Scale Width","mn":"ADBE Geometry2-0004","ix":5,"v":{"a":0,"k":100,"ix":5,"x":"var $bm_rt;\nvar newScale, newScale, newScale;\nif (effect('Wiggle - scale')('Wiggle Width Separately?') == true) {\n    $bm_rt = newScale = wiggle(effect('Wiggle - scale')('Wiggle Speed (wigs/sec)'), effect('Wiggle - scale')('Wiggle Width'), 1, 0.5, $bm_sum(time, 30));\n} else {\n    $bm_rt = newScale = effect('(Transform)')('Scale Height');\n}\n;\nif (newScale < 0) {\n    $bm_rt = newScale = 0;\n}"}},{"ty":0,"nm":"Skew","mn":"ADBE Geometry2-0005","ix":6,"v":{"a":0,"k":0,"ix":6}},{"ty":0,"nm":"Skew Axis","mn":"ADBE Geometry2-0006","ix":7,"v":{"a":0,"k":0,"ix":7}},{"ty":0,"nm":"Rotation","mn":"ADBE Geometry2-0007","ix":8,"v":{"a":0,"k":0,"ix":8}},{"ty":0,"nm":"Opacity","mn":"ADBE Geometry2-0008","ix":9,"v":{"a":0,"k":100,"ix":9}},{"ty":7,"nm":"Use Composition’s Shutter Angle","mn":"ADBE Geometry2-0009","ix":10,"v":{"a":0,"k":1,"ix":10}},{"ty":0,"nm":"Shutter Angle","mn":"ADBE Geometry2-0010","ix":11,"v":{"a":0,"k":0,"ix":11}},{"ty":7,"nm":"Sampling","mn":"ADBE Geometry2-0012","ix":12,"v":{"a":0,"k":1,"ix":12}}]}],"shapes":[{"ty":"gr","it":[{"ind":0,"ty":"sh","ix":1,"ks":{"a":0,"k":{"i":[[0,0],[0,0],[9.039,5.676],[0,0]],"o":[[0,0],[-9.75,-4.524],[0,0],[0,0]],"v":[[14.105,-51.592],[14.105,51.592],[-14.106,36.271],[-14.106,-51.592]],"c":true},"ix":2},"nm":"Path 1","mn":"ADBE Vector Shape - Group","hd":false},{"ty":"fl","c":{"a":0,"k":[1,1,1,1],"ix":4},"o":{"a":0,"k":100,"ix":5},"r":1,"bm":0,"nm":"Fill 1","mn":"ADBE Vector Graphic - Fill","hd":false},{"ty":"tr","p":{"a":0,"k":[134.27,436.752],"ix":2},"a":{"a":0,"k":[0,0],"ix":1},"s":{"a":0,"k":[100,100],"ix":3},"r":{"a":0,"k":0,"ix":6},"o":{"a":0,"k":100,"ix":7},"sk":{"a":0,"k":0,"ix":4},"sa":{"a":0,"k":0,"ix":5},"nm":"Transform"}],"nm":"Group 1","np":2,"cix":2,"bm":0,"ix":1,"mn":"ADBE Vector Group","hd":false},{"ty":"gr","it":[{"ind":0,"ty":"sh","ix":1,"ks":{"a":0,"k":{"i":[[0,0],[0,0],[8.754,9.195],[0,0]],"o":[[0,0],[-10.031,-7.809],[0,0],[0,0]],"v":[[14.105,-88.978],[14.105,88.979],[-14.106,63.44],[-14.106,-88.978]],"c":true},"ix":2},"nm":"Path 1","mn":"ADBE Vector Shape - Group","hd":false},{"ty":"fl","c":{"a":0,"k":[1,1,1,1],"ix":4},"o":{"a":0,"k":100,"ix":5},"r":1,"bm":0,"nm":"Fill 1","mn":"ADBE Vector Graphic - Fill","hd":false},{"ty":"tr","p":{"a":0,"k":[84.742,369.127],"ix":2},"a":{"a":0,"k":[0,0],"ix":1},"s":{"a":0,"k":[100,100],"ix":3},"r":{"a":0,"k":0,"ix":6},"o":{"a":0,"k":100,"ix":7},"sk":{"a":0,"k":0,"ix":4},"sa":{"a":0,"k":0,"ix":5},"nm":"Transform"}],"nm":"Group 2","np":2,"cix":2,"bm":0,"ix":2,"mn":"ADBE Vector Group","hd":false},{"ty":"gr","it":[{"ind":0,"ty":"sh","ix":1,"ks":{"a":0,"k":{"i":[[0,0],[0,-4.152],[-4.422,0],[0,0],[0,4.153],[4.418,0]],"o":[[-4.418,0],[0,4.153],[0,0],[4.418,0],[0,-4.152],[0,0]],"v":[[11.918,-37.428],[5.488,-30.732],[11.918,-24.169],[30.934,-24.169],[37.359,-30.732],[30.934,-37.428]],"c":true},"ix":2},"nm":"Path 1","mn":"ADBE Vector Shape - Group","hd":false},{"ind":1,"ty":"sh","ix":2,"ks":{"a":0,"k":{"i":[[13.257,0],[0,0],[0,11.383],[-13.258,0],[0,0],[0,-11.25]],"o":[[0,0],[-13.258,0],[0,-11.25],[0,0],[13.257,0],[0,11.383]],"v":[[30.934,-10.646],[11.918,-10.646],[-6.16,-30.732],[11.918,-50.818],[30.934,-50.818],[49.012,-30.732]],"c":true},"ix":2},"nm":"Path 2","mn":"ADBE Vector Shape - Group","hd":false},{"ind":2,"ty":"sh","ix":3,"ks":{"a":0,"k":{"i":[[0,0],[0,-4.152],[-4.418,0],[0,0],[0,4.153],[4.418,0]],"o":[[-4.418,0],[0,4.153],[0,0],[4.418,0],[0,-4.152],[0,0]],"v":[[-31.203,24.038],[-37.633,30.732],[-31.203,37.296],[-12.187,37.296],[-5.758,30.732],[-12.187,24.038]],"c":true},"ix":2},"nm":"Path 3","mn":"ADBE Vector Shape - Group","hd":false},{"ind":3,"ty":"sh","ix":4,"ks":{"a":0,"k":{"i":[[13.257,0],[0,0],[0,11.383],[-13.258,0],[0,0],[0,-11.25]],"o":[[0,0],[-13.258,0],[0,-11.246],[0,0],[13.257,0],[0,11.383]],"v":[[-12.187,50.818],[-31.203,50.818],[-49.281,30.732],[-31.203,10.646],[-12.187,10.646],[5.891,30.732]],"c":true},"ix":2},"nm":"Path 4","mn":"ADBE Vector Shape - Group","hd":false},{"ind":4,"ty":"sh","ix":5,"ks":{"a":0,"k":{"i":[[-4.285,0],[-0.805,-0.403],[0,0],[0,-2.543],[3.348,0],[0.801,0.402],[0,0],[0,2.41]],"o":[[0.805,0],[0,0],[2.008,0.938],[0,4.555],[-0.805,0],[0,0],[-2.277,-1.07],[0,-3.75]],"v":[[-47.676,-30.865],[-45.129,-30.329],[51.422,16.807],[54.77,22.831],[47.672,30.331],[45.129,29.662],[-51.422,-17.341],[-54.77,-22.966]],"c":true},"ix":2},"nm":"Path 5","mn":"ADBE Vector Shape - Group","hd":false},{"ty":"mm","mm":1,"nm":"Merge Paths 1","mn":"ADBE Vector Filter - Merge","hd":false},{"ty":"fl","c":{"a":0,"k":[1,1,1,1],"ix":4},"o":{"a":0,"k":100,"ix":5},"r":1,"bm":0,"nm":"Fill 1","mn":"ADBE Vector Graphic - Fill","hd":false},{"ty":"tr","p":{"a":0,"k":[152.027,124.529],"ix":2},"a":{"a":0,"k":[0,0],"ix":1},"s":{"a":0,"k":[100,100],"ix":3},"r":{"a":0,"k":0,"ix":6},"o":{"a":0,"k":100,"ix":7},"sk":{"a":0,"k":0,"ix":4},"sa":{"a":0,"k":0,"ix":5},"nm":"Transform"}],"nm":"Group 3","np":7,"cix":2,"bm":0,"ix":3,"mn":"ADBE Vector Group","hd":false},{"ty":"gr","it":[{"ind":0,"ty":"sh","ix":1,"ks":{"a":0,"k":{"i":[[2.832,-2.832],[4.328,0],[2.844,2.84],[0,4.328],[-8.66,0],[-2.84,-2.832],[0,-4.324]],"o":[[-2.84,2.84],[-4.336,0],[-2.832,-2.832],[0,-8.66],[4.328,0],[2.832,2.832],[0,4.328]],"v":[[112.399,-40.853],[101.313,-36.255],[90.227,-40.853],[85.641,-51.931],[101.313,-67.603],[112.399,-63.017],[116.989,-51.931]],"c":true},"ix":2},"nm":"Path 1","mn":"ADBE Vector Shape - Group","hd":false},{"ind":1,"ty":"sh","ix":2,"ks":{"a":0,"k":{"i":[[2.832,-2.832],[4.328,0],[2.832,2.84],[0,4.328],[-8.653,0],[-2.832,-2.832],[0,-4.324]],"o":[[-2.832,2.84],[-4.324,0],[-2.844,-2.832],[0,-8.66],[4.328,0],[2.832,2.832],[0,4.328]],"v":[[71.868,-40.853],[60.782,-36.255],[49.708,-40.853],[45.11,-51.931],[60.782,-67.603],[71.868,-63.017],[76.458,-51.931]],"c":true},"ix":2},"nm":"Path 2","mn":"ADBE Vector Shape - Group","hd":false},{"ind":2,"ty":"sh","ix":3,"ks":{"a":0,"k":{"i":[[2.832,-2.832],[4.324,0],[2.832,2.84],[0,4.328],[-8.652,0],[-2.832,-2.832],[0,-4.324]],"o":[[-2.832,2.84],[-4.328,0],[-2.84,-2.832],[0,-8.66],[4.324,0],[2.832,2.832],[0,4.328]],"v":[[31.348,-40.853],[20.262,-36.255],[9.184,-40.853],[4.586,-51.931],[20.262,-67.603],[31.348,-63.017],[35.934,-51.931]],"c":true},"ix":2},"nm":"Path 3","mn":"ADBE Vector Shape - Group","hd":false},{"ind":3,"ty":"sh","ix":4,"ks":{"a":0,"k":{"i":[[2.84,-2.832],[4.328,0],[2.832,2.84],[0,4.328],[-8.66,0],[-2.832,-2.832],[0,-4.324]],"o":[[-2.832,2.84],[-4.324,0],[-2.832,-2.832],[0,-8.66],[4.328,0],[2.84,2.832],[0,4.328]],"v":[[-9.183,-40.853],[-20.261,-36.255],[-31.347,-40.853],[-35.933,-51.931],[-20.261,-67.603],[-9.183,-63.017],[-4.585,-51.931]],"c":true},"ix":2},"nm":"Path 4","mn":"ADBE Vector Shape - Group","hd":false},{"ind":4,"ty":"sh","ix":5,"ks":{"a":0,"k":{"i":[[2.832,-2.832],[4.336,0],[2.843,2.84],[0,4.328],[-8.653,0],[-2.84,-2.832],[0,-4.324]],"o":[[-2.84,2.84],[-4.325,0],[-2.832,-2.832],[0,-8.66],[4.336,0],[2.832,2.832],[0,4.328]],"v":[[-49.706,-40.853],[-60.792,-36.255],[-71.878,-40.853],[-76.464,-51.931],[-60.792,-67.603],[-49.706,-63.017],[-45.117,-51.931]],"c":true},"ix":2},"nm":"Path 5","mn":"ADBE Vector Shape - Group","hd":false},{"ind":5,"ty":"sh","ix":6,"ks":{"a":0,"k":{"i":[[2.832,-2.832],[4.324,0],[2.84,2.84],[0,4.328],[-8.664,0],[-2.844,-2.832],[0,-4.324]],"o":[[-2.844,2.84],[-4.336,0],[-2.832,-2.832],[0,-8.66],[4.324,0],[2.832,2.832],[0,4.328]],"v":[[-90.226,-40.853],[-101.312,-36.255],[-112.398,-40.853],[-116.988,-51.931],[-101.312,-67.603],[-90.226,-63.017],[-85.64,-51.931]],"c":true},"ix":2},"nm":"Path 6","mn":"ADBE Vector Shape - Group","hd":false},{"ind":6,"ty":"sh","ix":7,"ks":{"a":0,"k":{"i":[[8.367,0],[0,0],[0,-8.36],[0,0],[-81.105,-12.32],[-7.055,-0.48],[-6.008,0],[-4.558,0.242],[0,2.965],[0,0]],"o":[[0,0],[-8.359,0],[0,0],[37.313,69.653],[6.875,1.043],[5.902,0.41],[4.609,0],[1.481,-2.34],[0,0],[0,-8.36]],"v":[[105.765,-236.345],[-105.773,-236.345],[-120.937,-221.173],[-120.937,101.083],[66.09,233.432],[86.989,235.729],[104.855,236.346],[118.597,235.979],[120.937,227.905],[120.937,-221.173]],"c":true},"ix":2},"nm":"Path 7","mn":"ADBE Vector Shape - Group","hd":false},{"ty":"mm","mm":1,"nm":"Merge Paths 1","mn":"ADBE Vector Filter - Merge","hd":false},{"ty":"fl","c":{"a":0,"k":[0.948999980852,0.375999989229,0.395999983245,1],"ix":4},"o":{"a":0,"k":100,"ix":5},"r":1,"bm":0,"nm":"Fill 1","mn":"ADBE Vector Graphic - Fill","hd":false},{"ty":"tr","p":{"a":0,"k":[151.144,275.654],"ix":2},"a":{"a":0,"k":[0,0],"ix":1},"s":{"a":0,"k":[100,100],"ix":3},"r":{"a":0,"k":0,"ix":6},"o":{"a":0,"k":100,"ix":7},"sk":{"a":0,"k":0,"ix":4},"sa":{"a":0,"k":0,"ix":5},"nm":"Transform"}],"nm":"Group 4","np":9,"cix":2,"bm":0,"ix":4,"mn":"ADBE Vector Group","hd":false},{"ty":"gr","it":[{"ind":0,"ty":"sh","ix":1,"ks":{"a":0,"k":{"i":[[2.832,-2.832],[4.328,0],[2.844,2.84],[0,4.328],[-8.66,0],[-2.84,-2.832],[0,-4.324]],"o":[[-2.84,2.84],[-4.336,0],[-2.832,-2.832],[0,-8.66],[4.328,0],[2.832,2.832],[0,4.328]],"v":[[112.398,-30.404],[101.312,-25.806],[90.226,-30.404],[85.64,-41.482],[101.312,-57.154],[112.398,-52.568],[116.988,-41.482]],"c":true},"ix":2},"nm":"Path 1","mn":"ADBE Vector Shape - Group","hd":false},{"ind":1,"ty":"sh","ix":2,"ks":{"a":0,"k":{"i":[[2.832,-2.832],[4.328,0],[2.832,2.84],[0,4.328],[-8.653,0],[-2.832,-2.832],[0,-4.324]],"o":[[-2.832,2.84],[-4.324,0],[-2.844,-2.832],[0,-8.66],[4.328,0],[2.832,2.832],[0,4.328]],"v":[[71.867,-30.404],[60.781,-25.806],[49.707,-30.404],[45.109,-41.482],[60.781,-57.154],[71.867,-52.568],[76.457,-41.482]],"c":true},"ix":2},"nm":"Path 2","mn":"ADBE Vector Shape - Group","hd":false},{"ind":2,"ty":"sh","ix":3,"ks":{"a":0,"k":{"i":[[2.832,-2.832],[4.324,0],[2.832,2.84],[0,4.328],[-8.652,0],[-2.832,-2.832],[0,-4.324]],"o":[[-2.832,2.84],[-4.328,0],[-2.84,-2.832],[0,-8.66],[4.324,0],[2.832,2.832],[0,4.328]],"v":[[31.347,-30.404],[20.261,-25.806],[9.184,-30.404],[4.585,-41.482],[20.261,-57.154],[31.347,-52.568],[35.934,-41.482]],"c":true},"ix":2},"nm":"Path 3","mn":"ADBE Vector Shape - Group","hd":false},{"ind":3,"ty":"sh","ix":4,"ks":{"a":0,"k":{"i":[[2.84,-2.832],[4.328,0],[2.832,2.84],[0,4.328],[-8.66,0],[-2.832,-2.832],[0,-4.324]],"o":[[-2.832,2.84],[-4.324,0],[-2.832,-2.832],[0,-8.66],[4.328,0],[2.84,2.832],[0,4.328]],"v":[[-9.184,-30.404],[-20.262,-25.806],[-31.348,-30.404],[-35.934,-41.482],[-20.262,-57.154],[-9.184,-52.568],[-4.586,-41.482]],"c":true},"ix":2},"nm":"Path 4","mn":"ADBE Vector Shape - Group","hd":false},{"ind":4,"ty":"sh","ix":5,"ks":{"a":0,"k":{"i":[[2.832,-2.832],[4.336,0],[2.843,2.84],[0,4.328],[-8.653,0],[-2.84,-2.832],[0,-4.324]],"o":[[-2.84,2.84],[-4.325,0],[-2.832,-2.832],[0,-8.66],[4.336,0],[2.832,2.832],[0,4.328]],"v":[[-49.706,-30.404],[-60.792,-25.806],[-71.878,-30.404],[-76.465,-41.482],[-60.792,-57.154],[-49.706,-52.568],[-45.118,-41.482]],"c":true},"ix":2},"nm":"Path 5","mn":"ADBE Vector Shape - Group","hd":false},{"ind":5,"ty":"sh","ix":6,"ks":{"a":0,"k":{"i":[[2.832,-2.832],[4.324,0],[2.84,2.84],[0,4.328],[-8.664,0],[-2.844,-2.832],[0,-4.324]],"o":[[-2.844,2.84],[-4.336,0],[-2.832,-2.832],[0,-8.66],[4.324,0],[2.832,2.832],[0,4.328]],"v":[[-90.227,-30.404],[-101.313,-25.806],[-112.398,-30.404],[-116.988,-41.482],[-101.313,-57.154],[-90.227,-52.568],[-85.641,-41.482]],"c":true},"ix":2},"nm":"Path 6","mn":"ADBE Vector Shape - Group","hd":false},{"ind":6,"ty":"sh","ix":7,"ks":{"a":0,"k":{"i":[[-5.078,4.137],[-3.554,0.008],[0,0],[19.926,0],[0,0],[0,-19.914],[0,0],[-2.477,-1.472],[1.273,-6.406],[7.379,0],[0,0],[-8.777,-16.382],[-81.105,-12.32],[-7.055,-0.48],[-6.008,0],[-4.558,0.242],[-2.926,0.25],[-4.609,0.66],[0,1.996],[0,0],[2.184,6.153]],"o":[[2.852,-2.321],[0,0],[0,-19.914],[0,0],[-19.918,0],[0,0],[2.781,0],[5.632,3.356],[-1.445,7.231],[0,0],[5.07,18.273],[37.313,69.653],[6.875,1.043],[5.902,0.41],[4.609,0],[2.946,-0.156],[4.683,-0.41],[0.32,-1.91],[0,0],[-6.531,0],[-2.191,-6.144]],"v":[[131.899,-53.603],[141.835,-57.123],[141.835,-210.724],[105.765,-246.795],[-105.773,-246.795],[-141.835,-210.724],[-141.835,-57.115],[-133.788,-54.92],[-126.473,-38.42],[-141.835,-25.806],[-141.835,59.436],[-120.938,111.533],[66.089,243.881],[86.988,246.178],[104.855,246.795],[118.597,246.428],[127.415,245.815],[141.355,244.213],[141.835,238.354],[141.835,-25.806],[127.089,-36.205]],"c":true},"ix":2},"nm":"Path 7","mn":"ADBE Vector Shape - Group","hd":false},{"ty":"mm","mm":1,"nm":"Merge Paths 1","mn":"ADBE Vector Filter - Merge","hd":false},{"ty":"fl","c":{"a":0,"k":[0.877999997606,0.226999993418,0.40800000359,1],"ix":4},"o":{"a":0,"k":100,"ix":5},"r":1,"bm":0,"nm":"Fill 1","mn":"ADBE Vector Graphic - Fill","hd":false},{"ty":"tr","p":{"a":0,"k":[151.145,265.205],"ix":2},"a":{"a":0,"k":[0,0],"ix":1},"s":{"a":0,"k":[100,100],"ix":3},"r":{"a":0,"k":0,"ix":6},"o":{"a":0,"k":100,"ix":7},"sk":{"a":0,"k":0,"ix":4},"sa":{"a":0,"k":0,"ix":5},"nm":"Transform"}],"nm":"Group 5","np":9,"cix":2,"bm":0,"ix":5,"mn":"ADBE Vector Group","hd":false}],"ip":227,"op":275,"st":0,"bm":0},{"ddd":0,"ind":3,"ty":4,"nm":"Shape Layer 3","td":1,"sr":1,"ks":{"o":{"a":0,"k":100,"ix":11},"r":{"a":0,"k":0,"ix":10},"p":{"a":0,"k":[250,250,0],"ix":2},"a":{"a":0,"k":[0,0,0],"ix":1},"s":{"a":0,"k":[100,100,100],"ix":6}},"ao":0,"shapes":[{"ty":"gr","it":[{"ty":"rc","d":1,"s":{"a":0,"k":[204,366],"ix":2},"p":{"a":0,"k":[0,0],"ix":3},"r":{"a":0,"k":0,"ix":4},"nm":"Rectangle Path 1","mn":"ADBE Vector Shape - Rect","hd":false},{"ty":"st","c":{"a":0,"k":[1,1,1,1],"ix":3},"o":{"a":0,"k":100,"ix":4},"w":{"a":0,"k":0,"ix":5},"lc":1,"lj":1,"ml":4,"bm":0,"nm":"Stroke 1","mn":"ADBE Vector Graphic - Stroke","hd":false},{"ty":"fl","c":{"a":0,"k":[1,1,1,1],"ix":4},"o":{"a":0,"k":100,"ix":5},"r":1,"bm":0,"nm":"Fill 1","mn":"ADBE Vector Graphic - Fill","hd":false},{"ty":"tr","p":{"a":0,"k":[80,27],"ix":2},"a":{"a":0,"k":[0,0],"ix":1},"s":{"a":0,"k":[100,100],"ix":3},"r":{"a":0,"k":0,"ix":6},"o":{"a":0,"k":100,"ix":7},"sk":{"a":0,"k":0,"ix":4},"sa":{"a":0,"k":0,"ix":5},"nm":"Transform"}],"nm":"Rectangle 1","np":3,"cix":2,"bm":0,"ix":1,"mn":"ADBE Vector Group","hd":false}],"ip":227,"op":275,"st":0,"bm":0},{"ddd":0,"ind":4,"ty":4,"nm":"Right Coupon","tt":1,"sr":1,"ks":{"o":{"a":0,"k":100,"ix":11},"r":{"a":0,"k":0,"ix":10},"p":{"a":1,"k":[{"i":{"x":0.667,"y":1},"o":{"x":0.167,"y":0.167},"t":240,"s":[250,632,0],"e":[250,250,0],"to":[0,-63.667,0],"ti":[0,63.667,0]},{"t":250}],"ix":2},"a":{"a":0,"k":[256,256,0],"ix":1},"s":{"a":0,"k":[75,75,100],"ix":6}},"ao":0,"ef":[{"ty":5,"nm":"Wiggle - scale","np":6,"mn":"ADBE CM WiggleScale","ix":1,"en":1,"ef":[{"ty":0,"nm":"Wiggle Speed (wigs/sec)","mn":"ADBE CM WiggleScale-0001","ix":1,"v":{"a":0,"k":1,"ix":1}},{"ty":0,"nm":"Wiggle Amount","mn":"ADBE CM WiggleScale-0002","ix":2,"v":{"a":1,"k":[{"i":{"x":[0.833],"y":[0.833]},"o":{"x":[0.167],"y":[0.167]},"t":250,"s":[5],"e":[0]},{"t":267}],"ix":2}},{"ty":7,"nm":"Wiggle Width Separately?","mn":"ADBE CM WiggleScale-0003","ix":3,"v":{"a":0,"k":1,"ix":3}},{"ty":0,"nm":"Wiggle Width","mn":"ADBE CM WiggleScale-0004","ix":4,"v":{"a":1,"k":[{"i":{"x":[0.833],"y":[0.833]},"o":{"x":[0.167],"y":[0.167]},"t":250,"s":[5],"e":[0]},{"t":267}],"ix":4}}]},{"ty":5,"nm":"(Transform)","np":14,"mn":"ADBE Geometry2","ix":2,"en":1,"ef":[{"ty":3,"nm":"Anchor Point","mn":"ADBE Geometry2-0001","ix":1,"v":{"a":0,"k":[0,0],"ix":1,"x":"var $bm_rt;\n$bm_rt = $bm_transform.anchorPoint;"}},{"ty":3,"nm":"Position","mn":"ADBE Geometry2-0002","ix":2,"v":{"a":0,"k":[0,0],"ix":2,"x":"var $bm_rt;\n$bm_rt = $bm_transform.anchorPoint;"}},{"ty":7,"nm":"Uniform Scale","mn":"ADBE Geometry2-0011","ix":3,"v":{"a":0,"k":0,"ix":3}},{"ty":0,"nm":"Scale Height","mn":"ADBE Geometry2-0003","ix":4,"v":{"a":0,"k":100,"ix":4,"x":"var $bm_rt;\nvar newScale, newScale;\n$bm_rt = newScale = wiggle(effect('Wiggle - scale')('Wiggle Speed (wigs/sec)'), effect('Wiggle - scale')('Wiggle Amount'));\nif (newScale < 0) {\n    $bm_rt = newScale = 0;\n}"}},{"ty":0,"nm":"Scale Width","mn":"ADBE Geometry2-0004","ix":5,"v":{"a":0,"k":100,"ix":5,"x":"var $bm_rt;\nvar newScale, newScale, newScale;\nif (effect('Wiggle - scale')('Wiggle Width Separately?') == true) {\n    $bm_rt = newScale = wiggle(effect('Wiggle - scale')('Wiggle Speed (wigs/sec)'), effect('Wiggle - scale')('Wiggle Width'), 1, 0.5, $bm_sum(time, 30));\n} else {\n    $bm_rt = newScale = effect('(Transform)')('Scale Height');\n}\n;\nif (newScale < 0) {\n    $bm_rt = newScale = 0;\n}"}},{"ty":0,"nm":"Skew","mn":"ADBE Geometry2-0005","ix":6,"v":{"a":0,"k":0,"ix":6}},{"ty":0,"nm":"Skew Axis","mn":"ADBE Geometry2-0006","ix":7,"v":{"a":0,"k":0,"ix":7}},{"ty":0,"nm":"Rotation","mn":"ADBE Geometry2-0007","ix":8,"v":{"a":0,"k":0,"ix":8}},{"ty":0,"nm":"Opacity","mn":"ADBE Geometry2-0008","ix":9,"v":{"a":0,"k":100,"ix":9}},{"ty":7,"nm":"Use Composition’s Shutter Angle","mn":"ADBE Geometry2-0009","ix":10,"v":{"a":0,"k":1,"ix":10}},{"ty":0,"nm":"Shutter Angle","mn":"ADBE Geometry2-0010","ix":11,"v":{"a":0,"k":0,"ix":11}},{"ty":7,"nm":"Sampling","mn":"ADBE Geometry2-0012","ix":12,"v":{"a":0,"k":1,"ix":12}}]}],"shapes":[{"ty":"gr","it":[{"ind":0,"ty":"sh","ix":1,"ks":{"a":0,"k":{"i":[[0,0],[0,0],[9.656,-2.82],[0,0]],"o":[[0,0],[-9.145,3.894],[0,0],[0,0]],"v":[[14.108,-37.115],[14.108,27.014],[-14.108,37.115],[-14.108,-37.115]],"c":true},"ix":2},"nm":"Path 1","mn":"ADBE Vector Shape - Group","hd":false},{"ty":"fl","c":{"a":0,"k":[0.165000002992,0.277999997606,0.528999956916,1],"ix":4},"o":{"a":0,"k":100,"ix":5},"r":1,"bm":0,"nm":"Fill 1","mn":"ADBE Vector Graphic - Fill","hd":false},{"ty":"tr","p":{"a":0,"k":[342.193,464.592],"ix":2},"a":{"a":0,"k":[0,0],"ix":1},"s":{"a":0,"k":[100,100],"ix":3},"r":{"a":0,"k":0,"ix":6},"o":{"a":0,"k":100,"ix":7},"sk":{"a":0,"k":0,"ix":4},"sa":{"a":0,"k":0,"ix":5},"nm":"Transform"}],"nm":"Group 15","np":2,"cix":2,"bm":0,"ix":1,"mn":"ADBE Vector Group","hd":false},{"ty":"gr","it":[{"ind":0,"ty":"sh","ix":1,"ks":{"a":0,"k":{"i":[[0,0],[0,0],[9.656,-2.82],[0,0]],"o":[[0,0],[-9.145,3.894],[0,0],[0,0]],"v":[[14.108,-37.115],[14.108,27.014],[-14.108,37.115],[-14.108,-37.115]],"c":true},"ix":2},"nm":"Path 1","mn":"ADBE Vector Shape - Group","hd":false},{"ty":"fl","c":{"a":0,"k":[0.165000002992,0.277999997606,0.528999956916,1],"ix":4},"o":{"a":0,"k":100,"ix":5},"r":1,"bm":0,"nm":"Fill 1","mn":"ADBE Vector Graphic - Fill","hd":false},{"ty":"tr","p":{"a":0,"k":[342.193,464.592],"ix":2},"a":{"a":0,"k":[0,0],"ix":1},"s":{"a":0,"k":[100,100],"ix":3},"r":{"a":0,"k":0,"ix":6},"o":{"a":0,"k":100,"ix":7},"sk":{"a":0,"k":0,"ix":4},"sa":{"a":0,"k":0,"ix":5},"nm":"Transform"}],"nm":"Group 6","np":2,"cix":2,"bm":0,"ix":2,"mn":"ADBE Vector Group","hd":false},{"ty":"gr","it":[{"ind":0,"ty":"sh","ix":1,"ks":{"a":0,"k":{"i":[[0,0],[0,0],[9.563,-0.836],[0,0]],"o":[[0,0],[-9.238,1.859],[0,0],[0,0]],"v":[[14.108,-94.277],[14.108,90.223],[-14.108,94.277],[-14.108,-94.277]],"c":true},"ix":2},"nm":"Path 1","mn":"ADBE Vector Shape - Group","hd":false},{"ty":"fl","c":{"a":0,"k":[0.165000002992,0.277999997606,0.528999956916,1],"ix":4},"o":{"a":0,"k":100,"ix":5},"r":1,"bm":0,"nm":"Fill 1","mn":"ADBE Vector Graphic - Fill","hd":false},{"ty":"tr","p":{"a":0,"k":[292.666,416.742],"ix":2},"a":{"a":0,"k":[0,0],"ix":1},"s":{"a":0,"k":[100,100],"ix":3},"r":{"a":0,"k":0,"ix":6},"o":{"a":0,"k":100,"ix":7},"sk":{"a":0,"k":0,"ix":4},"sa":{"a":0,"k":0,"ix":5},"nm":"Transform"}],"nm":"Group 7","np":2,"cix":2,"bm":0,"ix":3,"mn":"ADBE Vector Group","hd":false},{"ty":"gr","it":[{"ind":0,"ty":"sh","ix":1,"ks":{"a":0,"k":{"i":[[0,0],[0,0],[0,-2.231],[2.301,0],[0,0],[0,0],[0,0],[0,-2.578],[2.3,0],[0,0],[0,2.231],[0,0],[-2.371,0],[0,0],[0,-2.23],[2.093,0],[0,0]],"o":[[0,0],[2.094,0],[0,1.883],[0,0],[0,0],[0,0],[2.093,0],[0,2.231],[0,0],[-2.371,0],[0,0],[0,-2.23],[0,0],[2.3,0],[0,2.582],[0,0],[0,0]],"v":[[-5.543,-4.221],[4.914,-4.221],[8.191,0.034],[4.914,4.146],[-5.543,4.146],[-5.543,16.003],[13.141,16.003],[16.418,20.811],[13.141,25.482],[-11.68,25.482],[-16.418,22.135],[-16.418,-22.139],[-11.68,-25.482],[13.141,-25.482],[16.418,-20.814],[13.141,-16.001],[-5.543,-16.001]],"c":true},"ix":2},"nm":"Path 1","mn":"ADBE Vector Shape - Group","hd":false},{"ty":"fl","c":{"a":0,"k":[0.165000002992,0.277999997606,0.528999956916,1],"ix":4},"o":{"a":0,"k":100,"ix":5},"r":1,"bm":0,"nm":"Fill 1","mn":"ADBE Vector Graphic - Fill","hd":false},{"ty":"tr","p":{"a":0,"k":[438.035,161.533],"ix":2},"a":{"a":0,"k":[0,0],"ix":1},"s":{"a":0,"k":[100,100],"ix":3},"r":{"a":0,"k":0,"ix":6},"o":{"a":0,"k":100,"ix":7},"sk":{"a":0,"k":0,"ix":4},"sa":{"a":0,"k":0,"ix":5},"nm":"Transform"}],"nm":"Group 8","np":2,"cix":2,"bm":0,"ix":4,"mn":"ADBE Vector Group","hd":false},{"ty":"gr","it":[{"ind":0,"ty":"sh","ix":1,"ks":{"a":0,"k":{"i":[[0,0],[0,0],[0,-2.231],[2.301,0],[0,0],[0,0],[0,0],[0,-2.578],[2.3,0],[0,0],[0,2.231],[0,0],[-2.371,0],[0,0],[0,-2.23],[2.093,0],[0,0]],"o":[[0,0],[2.094,0],[0,1.883],[0,0],[0,0],[0,0],[2.093,0],[0,2.231],[0,0],[-2.371,0],[0,0],[0,-2.23],[0,0],[2.3,0],[0,2.582],[0,0],[0,0]],"v":[[-5.541,-4.221],[4.916,-4.221],[8.193,0.034],[4.916,4.146],[-5.541,4.146],[-5.541,16.003],[13.143,16.003],[16.42,20.811],[13.143,25.482],[-11.678,25.482],[-16.42,22.135],[-16.42,-22.139],[-11.678,-25.482],[13.143,-25.482],[16.42,-20.814],[13.143,-16.001],[-5.541,-16.001]],"c":true},"ix":2},"nm":"Path 1","mn":"ADBE Vector Shape - Group","hd":false},{"ty":"fl","c":{"a":0,"k":[0.165000002992,0.277999997606,0.528999956916,1],"ix":4},"o":{"a":0,"k":100,"ix":5},"r":1,"bm":0,"nm":"Fill 1","mn":"ADBE Vector Graphic - Fill","hd":false},{"ty":"tr","p":{"a":0,"k":[396.271,161.533],"ix":2},"a":{"a":0,"k":[0,0],"ix":1},"s":{"a":0,"k":[100,100],"ix":3},"r":{"a":0,"k":0,"ix":6},"o":{"a":0,"k":100,"ix":7},"sk":{"a":0,"k":0,"ix":4},"sa":{"a":0,"k":0,"ix":5},"nm":"Transform"}],"nm":"Group 9","np":2,"cix":2,"bm":0,"ix":5,"mn":"ADBE Vector Group","hd":false},{"ty":"gr","it":[{"ind":0,"ty":"sh","ix":1,"ks":{"a":0,"k":{"i":[[0,0],[0,0],[0,0],[0,4.879],[3.907,0],[0,0]],"o":[[0,0],[0,0],[3.907,0],[0,-4.882],[0,0],[0,0]],"v":[[-6.799,-16.209],[-6.799,-3.24],[0.103,-3.24],[6.381,-9.725],[0.103,-16.213],[-6.799,-16.213]],"c":true},"ix":2},"nm":"Path 1","mn":"ADBE Vector Shape - Group","hd":false},{"ind":1,"ty":"sh","ix":2,"ks":{"a":0,"k":{"i":[[0,0],[-2.02,0],[0,0],[0,-11.363],[4.883,-1.883],[0,0],[0,-0.348],[3.207,0],[0.766,1.465],[0,0],[0,0],[0,0],[2.718,0],[0,2.23]],"o":[[0,-1.742],[0,0],[9.555,0],[0,7.809],[0,0],[0.281,0.418],[0,2.719],[-1.395,0],[0,0],[0,0],[0,0],[0,2.23],[-2.719,0],[0,0]],"v":[[-17.674,-22.416],[-14.33,-25.693],[0.103,-25.693],[17.256,-10.772],[8.818,3.381],[17.326,18.791],[17.674,20.045],[10.842,25.693],[7.357,23.67],[-2.197,5.127],[-6.799,5.127],[-6.799,21.928],[-12.236,25.275],[-17.674,21.928]],"c":true},"ix":2},"nm":"Path 2","mn":"ADBE Vector Shape - Group","hd":false},{"ty":"mm","mm":1,"nm":"Merge Paths 1","mn":"ADBE Vector Filter - Merge","hd":false},{"ty":"fl","c":{"a":0,"k":[0.165000002992,0.277999997606,0.528999956916,1],"ix":4},"o":{"a":0,"k":100,"ix":5},"r":1,"bm":0,"nm":"Fill 1","mn":"ADBE Vector Graphic - Fill","hd":false},{"ty":"tr","p":{"a":0,"k":[352.627,161.74],"ix":2},"a":{"a":0,"k":[0,0],"ix":1},"s":{"a":0,"k":[100,100],"ix":3},"r":{"a":0,"k":0,"ix":6},"o":{"a":0,"k":100,"ix":7},"sk":{"a":0,"k":0,"ix":4},"sa":{"a":0,"k":0,"ix":5},"nm":"Transform"}],"nm":"Group 10","np":4,"cix":2,"bm":0,"ix":6,"mn":"ADBE Vector Group","hd":false},{"ty":"gr","it":[{"ind":0,"ty":"sh","ix":1,"ks":{"a":0,"k":{"i":[[0,0],[-2.367,0],[0,0],[0,-2.23],[2.089,0],[0,0],[0,0],[0,0],[0,-2.231],[2.301,0],[0,0],[0,0],[2.719,0],[0,2.231]],"o":[[0,-2.23],[0,0],[2.3,0],[0,2.578],[0,0],[0,0],[0,0],[2.09,0],[0,1.883],[0,0],[0,0],[0,2.231],[-2.718,0],[0,0]],"v":[[-16.105,-22.137],[-11.368,-25.484],[12.828,-25.484],[16.105,-20.813],[12.828,-16.003],[-5.23,-16.003],[-5.23,-4.219],[5.296,-4.219],[8.574,0.036],[5.296,4.148],[-5.23,4.148],[-5.23,22.137],[-10.669,25.484],[-16.105,22.137]],"c":true},"ix":2},"nm":"Path 1","mn":"ADBE Vector Shape - Group","hd":false},{"ty":"fl","c":{"a":0,"k":[0.165000002992,0.277999997606,0.528999956916,1],"ix":4},"o":{"a":0,"k":100,"ix":5},"r":1,"bm":0,"nm":"Fill 1","mn":"ADBE Vector Graphic - Fill","hd":false},{"ty":"tr","p":{"a":0,"k":[310.969,161.531],"ix":2},"a":{"a":0,"k":[0,0],"ix":1},"s":{"a":0,"k":[100,100],"ix":3},"r":{"a":0,"k":0,"ix":6},"o":{"a":0,"k":100,"ix":7},"sk":{"a":0,"k":0,"ix":4},"sa":{"a":0,"k":0,"ix":5},"nm":"Transform"}],"nm":"Group 11","np":2,"cix":2,"bm":0,"ix":7,"mn":"ADBE Vector Group","hd":false},{"ty":"gr","it":[{"ind":0,"ty":"sh","ix":1,"ks":{"a":0,"k":{"i":[[2.832,-2.832],[4.324,0],[2.84,2.844],[0,4.324],[-8.664,0],[-2.844,-2.832],[0,-4.328]],"o":[[-2.844,2.844],[-4.336,0],[-2.832,-2.832],[0,-8.664],[4.324,0],[2.832,2.828],[0,4.324]],"v":[[112.401,-19.697],[101.314,-15.099],[90.228,-19.697],[85.638,-30.771],[101.314,-46.447],[112.401,-41.857],[116.987,-30.771]],"c":true},"ix":2},"nm":"Path 1","mn":"ADBE Vector Shape - Group","hd":false},{"ind":1,"ty":"sh","ix":2,"ks":{"a":0,"k":{"i":[[2.832,-2.832],[4.324,0],[2.832,2.844],[0,4.324],[-8.653,0],[-2.832,-2.832],[0,-4.328]],"o":[[-2.832,2.844],[-4.328,0],[-2.84,-2.832],[0,-8.664],[4.324,0],[2.832,2.828],[0,4.324]],"v":[[71.87,-19.697],[60.784,-15.099],[49.706,-19.697],[45.108,-30.771],[60.784,-46.447],[71.87,-41.857],[76.456,-30.771]],"c":true},"ix":2},"nm":"Path 2","mn":"ADBE Vector Shape - Group","hd":false},{"ind":2,"ty":"sh","ix":3,"ks":{"a":0,"k":{"i":[[2.832,-2.832],[4.328,0],[2.832,2.844],[0,4.324],[-8.652,0],[-2.828,-2.832],[0,-4.328]],"o":[[-2.828,2.844],[-4.324,0],[-2.844,-2.832],[0,-8.664],[4.328,0],[2.832,2.828],[0,4.324]],"v":[[31.345,-19.697],[20.259,-15.099],[9.186,-19.697],[4.587,-30.771],[20.259,-46.447],[31.345,-41.857],[35.936,-30.771]],"c":true},"ix":2},"nm":"Path 3","mn":"ADBE Vector Shape - Group","hd":false},{"ind":3,"ty":"sh","ix":4,"ks":{"a":0,"k":{"i":[[2.832,2.844],[0,4.324],[-8.664,0],[-2.832,-2.832],[0,-4.328],[2.844,-2.832],[4.324,0]],"o":[[-2.832,-2.832],[0,-8.664],[4.324,0],[2.844,2.828],[0,4.324],[-2.832,2.844],[-4.328,0]],"v":[[-31.345,-19.697],[-35.935,-30.771],[-20.259,-46.447],[-9.185,-41.857],[-4.587,-30.771],[-9.185,-19.697],[-20.259,-15.099]],"c":true},"ix":2},"nm":"Path 4","mn":"ADBE Vector Shape - Group","hd":false},{"ind":4,"ty":"sh","ix":5,"ks":{"a":0,"k":{"i":[[2.832,-2.832],[4.336,0],[2.84,2.844],[0,4.324],[-8.653,0],[-2.844,-2.832],[0,-4.328]],"o":[[-2.844,2.844],[-4.329,0],[-2.832,-2.832],[0,-8.664],[4.336,0],[2.832,2.828],[0,4.324]],"v":[[-49.704,-19.697],[-60.79,-15.099],[-71.876,-19.697],[-76.466,-30.771],[-60.79,-46.447],[-49.704,-41.857],[-45.12,-30.771]],"c":true},"ix":2},"nm":"Path 5","mn":"ADBE Vector Shape - Group","hd":false},{"ind":5,"ty":"sh","ix":6,"ks":{"a":0,"k":{"i":[[2.832,-2.832],[4.328,0],[2.844,2.844],[0,4.324],[-8.66,0],[-2.84,-2.832],[0,-4.328]],"o":[[-2.84,2.844],[-4.336,0],[-2.832,-2.832],[0,-8.664],[4.328,0],[2.832,2.828],[0,4.324]],"v":[[-90.228,-19.697],[-101.314,-15.099],[-112.4,-19.697],[-116.986,-30.771],[-101.314,-46.447],[-90.228,-41.857],[-85.638,-30.771]],"c":true},"ix":2},"nm":"Path 6","mn":"ADBE Vector Shape - Group","hd":false},{"ind":6,"ty":"sh","ix":7,"ks":{"a":0,"k":{"i":[[8.371,0],[0,0],[0,-8.36],[0,0],[-6.008,0],[-7.438,0.645],[-9.239,1.859],[-6.976,2.047],[-9.145,3.895],[-27.543,49.641],[0,0]],"o":[[0,0],[-8.359,0],[0,0],[5.902,0.41],[7.598,0],[9.562,-0.836],[7.218,-1.453],[9.656,-2.82],[52.598,-22.426],[0,0],[0,-8.36]],"v":[[105.763,-215.185],[-105.775,-215.185],[-120.935,-200.013],[-120.935,214.569],[-103.068,215.186],[-80.509,214.205],[-52.294,210.151],[-30.982,204.893],[-2.767,194.791],[120.935,83.205],[120.935,-200.013]],"c":true},"ix":2},"nm":"Path 7","mn":"ADBE Vector Shape - Group","hd":false},{"ty":"mm","mm":1,"nm":"Merge Paths 1","mn":"ADBE Vector Filter - Merge","hd":false},{"ty":"fl","c":{"a":0,"k":[1,0.902000038297,0.383999992819,1],"ix":4},"o":{"a":0,"k":100,"ix":5},"r":1,"bm":0,"nm":"Fill 1","mn":"ADBE Vector Graphic - Fill","hd":false},{"ty":"tr","p":{"a":0,"k":[359.068,296.815],"ix":2},"a":{"a":0,"k":[0,0],"ix":1},"s":{"a":0,"k":[100,100],"ix":3},"r":{"a":0,"k":0,"ix":6},"o":{"a":0,"k":100,"ix":7},"sk":{"a":0,"k":0,"ix":4},"sa":{"a":0,"k":0,"ix":5},"nm":"Transform"}],"nm":"Group 12","np":11,"cix":2,"bm":0,"ix":8,"mn":"ADBE Vector Group","hd":false}],"ip":227,"op":275,"st":0,"bm":0},{"ddd":0,"ind":5,"ty":4,"nm":"coupons Outlines","sr":1,"ks":{"o":{"a":0,"k":100,"ix":11},"r":{"a":0,"k":0,"ix":10},"p":{"a":0,"k":[250,250,0],"ix":2},"a":{"a":0,"k":[256,256,0],"ix":1},"s":{"a":1,"k":[{"i":{"x":[0.833,0.833,0.833],"y":[0.833,0.833,0.833]},"o":{"x":[0.167,0.167,0.167],"y":[0.167,0.167,0.167]},"t":227,"s":[0,0,100],"e":[85,85,100]},{"i":{"x":[0.667,0.667,0.667],"y":[1,1,1]},"o":{"x":[0.167,0.167,0.167],"y":[0.167,0.167,-1.256]},"t":237,"s":[85,85,100],"e":[75,75,100]},{"t":240}],"ix":6}},"ao":0,"shapes":[{"ty":"gr","it":[{"ind":0,"ty":"sh","ix":1,"ks":{"a":0,"k":{"i":[[0,-26.02],[7.223,-23.648],[8.601,-15.497],[52.597,-22.425],[9.656,-2.82],[7.219,-1.453],[4.793,-0.688],[4.683,-0.411],[2.946,-0.156],[4.609,0],[5.902,0.41],[6.875,1.043],[21.504,9.98],[9.039,5.676],[6.832,5.317],[8.754,9.196],[10.941,20.426],[5.07,18.273],[0,23.781],[-6.071,21.852],[-8.777,16.383],[-37.488,23.636],[-14.305,5.758],[-33.762,0],[-44.641,-37.878],[-6.875,-7.391],[-10.133,-18.273],[-5.254,-17.262]],"o":[[0,26.02],[-5.254,17.262],[-27.543,49.64],[-9.145,3.895],[-6.977,2.047],[-4.714,0.949],[-4.609,0.66],[-2.926,0.25],[-4.558,0.242],[-6.008,0],[-7.055,-0.481],[-24.23,-3.691],[-9.75,-4.524],[-7.367,-4.617],[-10.032,-7.808],[-15.852,-16.632],[-8.777,-16.383],[-6.071,-21.84],[0,-23.77],[5.07,-18.273],[21.004,-39.215],[12.894,-8.129],[29.508,-11.879],[63.133,0],[7.699,6.532],[14.128,15.18],[8.601,15.497],[7.223,23.648]],"v":[[256,0],[244.902,74.773],[224.004,124.02],[100.301,235.605],[72.086,245.707],[50.773,250.965],[36.5,253.418],[22.559,255.02],[13.742,255.633],[0,256],[-17.867,255.383],[-38.766,253.086],[-107.625,232.344],[-135.836,217.023],[-157.152,202.105],[-185.363,176.566],[-225.793,120.738],[-246.691,68.641],[-256,0],[-246.691,-68.641],[-225.793,-120.738],[-136.371,-216.691],[-95.504,-237.59],[0,-256],[165.555,-195.27],[187.434,-174.371],[224.004,-124.02],[244.902,-74.773]],"c":true},"ix":2},"nm":"Path 1","mn":"ADBE Vector Shape - Group","hd":false},{"ty":"fl","c":{"a":0,"k":[0.204000001795,0.611999990426,0.866999966491,1],"ix":4},"o":{"a":0,"k":100,"ix":5},"r":1,"bm":0,"nm":"Fill 1","mn":"ADBE Vector Graphic - Fill","hd":false},{"ty":"tr","p":{"a":0,"k":[256,256],"ix":2},"a":{"a":0,"k":[0,0],"ix":1},"s":{"a":0,"k":[100,100],"ix":3},"r":{"a":0,"k":0,"ix":6},"o":{"a":0,"k":100,"ix":7},"sk":{"a":0,"k":0,"ix":4},"sa":{"a":0,"k":0,"ix":5},"nm":"Transform"}],"nm":"Group 14","np":2,"cix":2,"bm":0,"ix":9,"mn":"ADBE Vector Group","hd":false}],"ip":227,"op":275,"st":0,"bm":0}]},{"id":"comp_1","layers":[{"ddd":0,"ind":1,"ty":4,"nm":"shopping-cart Outlines","sr":1,"ks":{"o":{"a":0,"k":100,"ix":11},"r":{"a":0,"k":0,"ix":10},"p":{"a":0,"k":[250,250,0],"ix":2},"a":{"a":0,"k":[306,396,0],"ix":1},"s":{"a":0,"k":[80.303,80.303,100],"ix":6}},"ao":0,"shapes":[{"ty":"gr","it":[{"ind":0,"ty":"sh","ix":1,"ks":{"a":0,"k":{"i":[[0,0],[8,-8],[8,8]],"o":[[8,8],[-8,8],[0,0]],"v":[[11,-19],[11,11],[-19,11]],"c":false},"ix":2},"nm":"Path 1","mn":"ADBE Vector Shape - Group","hd":false},{"ty":"fl","c":{"a":0,"k":[0.816000007181,0.885999971278,0.875,1],"ix":4},"o":{"a":0,"k":100,"ix":5},"r":1,"bm":0,"nm":"Fill 1","mn":"ADBE Vector Graphic - Fill","hd":false},{"ty":"tr","p":{"a":0,"k":[424,606.763],"ix":2},"a":{"a":0,"k":[0,0],"ix":1},"s":{"a":0,"k":[100,100],"ix":3},"r":{"a":0,"k":0,"ix":6},"o":{"a":0,"k":100,"ix":7},"sk":{"a":0,"k":0,"ix":4},"sa":{"a":0,"k":0,"ix":5},"nm":"Transform"}],"nm":"Group 24","np":4,"cix":2,"bm":0,"ix":24,"mn":"ADBE Vector Group","hd":false},{"ty":"gr","it":[{"ind":0,"ty":"sh","ix":1,"ks":{"a":0,"k":{"i":[[-11.598,0],[0,-11.598],[11.598,0],[0,11.598]],"o":[[11.598,0],[0,11.598],[-11.598,0],[0,-11.598]],"v":[[0,-21],[21,0],[0,21],[-21,0]],"c":true},"ix":2},"nm":"Path 1","mn":"ADBE Vector Shape - Group","hd":false},{"ty":"fl","c":{"a":0,"k":[1,1,1,1],"ix":4},"o":{"a":0,"k":100,"ix":5},"r":1,"bm":0,"nm":"Fill 1","mn":"ADBE Vector Graphic - Fill","hd":false},{"ty":"tr","p":{"a":0,"k":[420,602.763],"ix":2},"a":{"a":0,"k":[0,0],"ix":1},"s":{"a":0,"k":[100,100],"ix":3},"r":{"a":0,"k":0,"ix":6},"o":{"a":0,"k":100,"ix":7},"sk":{"a":0,"k":0,"ix":4},"sa":{"a":0,"k":0,"ix":5},"nm":"Transform"}],"nm":"Group 25","np":4,"cix":2,"bm":0,"ix":25,"mn":"ADBE Vector Group","hd":false},{"ty":"gr","it":[{"ind":0,"ty":"sh","ix":1,"ks":{"a":0,"k":{"i":[[0,0],[0,-19],[19,0]],"o":[[19,0],[0,19],[0,0]],"v":[[-17.5,-35],[17.5,0],[-17.5,35]],"c":false},"ix":2},"nm":"Path 1","mn":"ADBE Vector Shape - Group","hd":false},{"ty":"fl","c":{"a":0,"k":[0.929000016755,0.556999954523,0.113999998803,1],"ix":4},"o":{"a":0,"k":100,"ix":5},"r":1,"bm":0,"nm":"Fill 1","mn":"ADBE Vector Graphic - Fill","hd":false},{"ty":"tr","p":{"a":0,"k":[437.5,602.763],"ix":2},"a":{"a":0,"k":[0,0],"ix":1},"s":{"a":0,"k":[100,100],"ix":3},"r":{"a":0,"k":0,"ix":6},"o":{"a":0,"k":100,"ix":7},"sk":{"a":0,"k":0,"ix":4},"sa":{"a":0,"k":0,"ix":5},"nm":"Transform"}],"nm":"Group 26","np":4,"cix":2,"bm":0,"ix":26,"mn":"ADBE Vector Group","hd":false},{"ty":"gr","it":[{"ind":0,"ty":"sh","ix":1,"ks":{"a":0,"k":{"i":[[-19.33,0],[0,-19.33],[19.33,0],[0,19.33]],"o":[[19.33,0],[0,19.33],[-19.33,0],[0,-19.33]],"v":[[0,-35],[35,0],[0,35],[-35,0]],"c":true},"ix":2},"nm":"Path 1","mn":"ADBE Vector Shape - Group","hd":false},{"ty":"fl","c":{"a":0,"k":[0.936999990426,0.663000009574,0.105999995213,1],"ix":4},"o":{"a":0,"k":100,"ix":5},"r":1,"bm":0,"nm":"Fill 1","mn":"ADBE Vector Graphic - Fill","hd":false},{"ty":"tr","p":{"a":0,"k":[420,602.763],"ix":2},"a":{"a":0,"k":[0,0],"ix":1},"s":{"a":0,"k":[100,100],"ix":3},"r":{"a":0,"k":0,"ix":6},"o":{"a":0,"k":100,"ix":7},"sk":{"a":0,"k":0,"ix":4},"sa":{"a":0,"k":0,"ix":5},"nm":"Transform"}],"nm":"Group 27","np":4,"cix":2,"bm":0,"ix":27,"mn":"ADBE Vector Group","hd":false},{"ty":"gr","it":[{"ind":0,"ty":"sh","ix":1,"ks":{"a":0,"k":{"i":[[0,0],[29,-29],[29,30]],"o":[[29,29],[-29,29],[0,0]],"v":[[38.5,-67.5],[38.5,38.5],[-67.5,37.5]],"c":false},"ix":2},"nm":"Path 1","mn":"ADBE Vector Shape - Group","hd":false},{"ty":"fl","c":{"a":0,"k":[0.626999978458,0.046999998654,0.030999998953,1],"ix":4},"o":{"a":0,"k":100,"ix":5},"r":1,"bm":0,"nm":"Fill 1","mn":"ADBE Vector Graphic - Fill","hd":false},{"ty":"tr","p":{"a":0,"k":[434.5,618.263],"ix":2},"a":{"a":0,"k":[0,0],"ix":1},"s":{"a":0,"k":[100,100],"ix":3},"r":{"a":0,"k":0,"ix":6},"o":{"a":0,"k":100,"ix":7},"sk":{"a":0,"k":0,"ix":4},"sa":{"a":0,"k":0,"ix":5},"nm":"Transform"}],"nm":"Group 28","np":4,"cix":2,"bm":0,"ix":28,"mn":"ADBE Vector Group","hd":false},{"ty":"gr","it":[{"ind":0,"ty":"sh","ix":1,"ks":{"a":0,"k":{"i":[[-41.421,0],[0,-41.421],[41.421,0],[0,41.421]],"o":[[41.421,0],[0,41.421],[-41.421,0],[0,-41.421]],"v":[[0,-75],[75,0],[0,75],[-75,0]],"c":true},"ix":2},"nm":"Path 1","mn":"ADBE Vector Shape - Group","hd":false},{"ty":"fl","c":{"a":0,"k":[0.769000004787,0.125,0.078000005086,1],"ix":4},"o":{"a":0,"k":100,"ix":5},"r":1,"bm":0,"nm":"Fill 1","mn":"ADBE Vector Graphic - Fill","hd":false},{"ty":"tr","p":{"a":0,"k":[420,602.763],"ix":2},"a":{"a":0,"k":[0,0],"ix":1},"s":{"a":0,"k":[100,100],"ix":3},"r":{"a":0,"k":0,"ix":6},"o":{"a":0,"k":100,"ix":7},"sk":{"a":0,"k":0,"ix":4},"sa":{"a":0,"k":0,"ix":5},"nm":"Transform"}],"nm":"Group 29","np":4,"cix":2,"bm":0,"ix":29,"mn":"ADBE Vector Group","hd":false},{"ty":"gr","it":[{"ind":0,"ty":"sh","ix":1,"ks":{"a":0,"k":{"i":[[0,0],[8,-8],[8,8]],"o":[[8,8],[-8,8],[0,0]],"v":[[11,-19],[11,11],[-19,11]],"c":false},"ix":2},"nm":"Path 1","mn":"ADBE Vector Shape - Group","hd":false},{"ty":"fl","c":{"a":0,"k":[0.816000007181,0.885999971278,0.875,1],"ix":4},"o":{"a":0,"k":100,"ix":5},"r":1,"bm":0,"nm":"Fill 1","mn":"ADBE Vector Graphic - Fill","hd":false},{"ty":"tr","p":{"a":0,"k":[130,606.763],"ix":2},"a":{"a":0,"k":[0,0],"ix":1},"s":{"a":0,"k":[100,100],"ix":3},"r":{"a":0,"k":0,"ix":6},"o":{"a":0,"k":100,"ix":7},"sk":{"a":0,"k":0,"ix":4},"sa":{"a":0,"k":0,"ix":5},"nm":"Transform"}],"nm":"Group 30","np":4,"cix":2,"bm":0,"ix":30,"mn":"ADBE Vector Group","hd":false},{"ty":"gr","it":[{"ind":0,"ty":"sh","ix":1,"ks":{"a":0,"k":{"i":[[-11.598,0],[0,-11.598],[11.598,0],[0,11.598]],"o":[[11.598,0],[0,11.598],[-11.598,0],[0,-11.598]],"v":[[0,-21],[21,0],[0,21],[-21,0]],"c":true},"ix":2},"nm":"Path 1","mn":"ADBE Vector Shape - Group","hd":false},{"ty":"fl","c":{"a":0,"k":[1,1,1,1],"ix":4},"o":{"a":0,"k":100,"ix":5},"r":1,"bm":0,"nm":"Fill 1","mn":"ADBE Vector Graphic - Fill","hd":false},{"ty":"tr","p":{"a":0,"k":[126,602.763],"ix":2},"a":{"a":0,"k":[0,0],"ix":1},"s":{"a":0,"k":[100,100],"ix":3},"r":{"a":0,"k":0,"ix":6},"o":{"a":0,"k":100,"ix":7},"sk":{"a":0,"k":0,"ix":4},"sa":{"a":0,"k":0,"ix":5},"nm":"Transform"}],"nm":"Group 31","np":4,"cix":2,"bm":0,"ix":31,"mn":"ADBE Vector Group","hd":false},{"ty":"gr","it":[{"ind":0,"ty":"sh","ix":1,"ks":{"a":0,"k":{"i":[[0,0],[0,-19],[19,0]],"o":[[19,0],[0,19],[0,0]],"v":[[-17.5,-35],[17.5,0],[-17.5,35]],"c":false},"ix":2},"nm":"Path 1","mn":"ADBE Vector Shape - Group","hd":false},{"ty":"fl","c":{"a":0,"k":[0.929000016755,0.556999954523,0.113999998803,1],"ix":4},"o":{"a":0,"k":100,"ix":5},"r":1,"bm":0,"nm":"Fill 1","mn":"ADBE Vector Graphic - Fill","hd":false},{"ty":"tr","p":{"a":0,"k":[143.5,602.763],"ix":2},"a":{"a":0,"k":[0,0],"ix":1},"s":{"a":0,"k":[100,100],"ix":3},"r":{"a":0,"k":0,"ix":6},"o":{"a":0,"k":100,"ix":7},"sk":{"a":0,"k":0,"ix":4},"sa":{"a":0,"k":0,"ix":5},"nm":"Transform"}],"nm":"Group 32","np":4,"cix":2,"bm":0,"ix":32,"mn":"ADBE Vector Group","hd":false},{"ty":"gr","it":[{"ind":0,"ty":"sh","ix":1,"ks":{"a":0,"k":{"i":[[-19.33,0],[0,-19.33],[19.33,0],[0,19.33]],"o":[[19.33,0],[0,19.33],[-19.33,0],[0,-19.33]],"v":[[0,-35],[35,0],[0,35],[-35,0]],"c":true},"ix":2},"nm":"Path 1","mn":"ADBE Vector Shape - Group","hd":false},{"ty":"fl","c":{"a":0,"k":[0.936999990426,0.663000009574,0.105999995213,1],"ix":4},"o":{"a":0,"k":100,"ix":5},"r":1,"bm":0,"nm":"Fill 1","mn":"ADBE Vector Graphic - Fill","hd":false},{"ty":"tr","p":{"a":0,"k":[126,602.763],"ix":2},"a":{"a":0,"k":[0,0],"ix":1},"s":{"a":0,"k":[100,100],"ix":3},"r":{"a":0,"k":0,"ix":6},"o":{"a":0,"k":100,"ix":7},"sk":{"a":0,"k":0,"ix":4},"sa":{"a":0,"k":0,"ix":5},"nm":"Transform"}],"nm":"Group 33","np":4,"cix":2,"bm":0,"ix":33,"mn":"ADBE Vector Group","hd":false},{"ty":"gr","it":[{"ind":0,"ty":"sh","ix":1,"ks":{"a":0,"k":{"i":[[0,0],[29,-29],[29,30]],"o":[[29,29],[-29,29],[0,0]],"v":[[38.5,-67.5],[38.5,38.5],[-67.5,37.5]],"c":false},"ix":2},"nm":"Path 1","mn":"ADBE Vector Shape - Group","hd":false},{"ty":"fl","c":{"a":0,"k":[0.626999978458,0.046999998654,0.030999998953,1],"ix":4},"o":{"a":0,"k":100,"ix":5},"r":1,"bm":0,"nm":"Fill 1","mn":"ADBE Vector Graphic - Fill","hd":false},{"ty":"tr","p":{"a":0,"k":[140.5,618.263],"ix":2},"a":{"a":0,"k":[0,0],"ix":1},"s":{"a":0,"k":[100,100],"ix":3},"r":{"a":0,"k":0,"ix":6},"o":{"a":0,"k":100,"ix":7},"sk":{"a":0,"k":0,"ix":4},"sa":{"a":0,"k":0,"ix":5},"nm":"Transform"}],"nm":"Group 34","np":4,"cix":2,"bm":0,"ix":34,"mn":"ADBE Vector Group","hd":false},{"ty":"gr","it":[{"ind":0,"ty":"sh","ix":1,"ks":{"a":0,"k":{"i":[[-41.421,0],[0,-41.421],[41.421,0],[0,41.421]],"o":[[41.421,0],[0,41.421],[-41.421,0],[0,-41.421]],"v":[[0,-75],[75,0],[0,75],[-75,0]],"c":true},"ix":2},"nm":"Path 1","mn":"ADBE Vector Shape - Group","hd":false},{"ty":"fl","c":{"a":0,"k":[0.769000004787,0.125,0.078000005086,1],"ix":4},"o":{"a":0,"k":100,"ix":5},"r":1,"bm":0,"nm":"Fill 1","mn":"ADBE Vector Graphic - Fill","hd":false},{"ty":"tr","p":{"a":0,"k":[126,602.763],"ix":2},"a":{"a":0,"k":[0,0],"ix":1},"s":{"a":0,"k":[100,100],"ix":3},"r":{"a":0,"k":0,"ix":6},"o":{"a":0,"k":100,"ix":7},"sk":{"a":0,"k":0,"ix":4},"sa":{"a":0,"k":0,"ix":5},"nm":"Transform"}],"nm":"Group 35","np":4,"cix":2,"bm":0,"ix":35,"mn":"ADBE Vector Group","hd":false}],"ip":172,"op":900,"st":0,"bm":0},{"ddd":0,"ind":2,"ty":4,"nm":"Cart","sr":1,"ks":{"o":{"a":0,"k":100,"ix":11},"r":{"a":0,"k":0,"ix":10},"p":{"a":1,"k":[{"i":{"x":0.833,"y":0.833},"o":{"x":0.167,"y":0.167},"t":177,"s":[250,250,0],"e":[250,268,0],"to":[0,3,0],"ti":[0,0,0]},{"i":{"x":0.667,"y":1},"o":{"x":0.167,"y":0.167},"t":178,"s":[250,268,0],"e":[250,250,0],"to":[0,0,0],"ti":[0,3,0]},{"i":{"x":0.833,"y":0.833},"o":{"x":0.333,"y":0.333},"t":180,"s":[250,250,0],"e":[250,250,0],"to":[0,0,0],"ti":[0,0,0]},{"i":{"x":0.833,"y":0.833},"o":{"x":0.167,"y":0.167},"t":184,"s":[250,250,0],"e":[250,270,0],"to":[0,3.333,0],"ti":[0,0,0]},{"i":{"x":0.667,"y":1},"o":{"x":0.167,"y":0.167},"t":185,"s":[250,270,0],"e":[250,250,0],"to":[0,0,0],"ti":[0,3.333,0]},{"i":{"x":0.833,"y":0.833},"o":{"x":0.333,"y":0.333},"t":187,"s":[250,250,0],"e":[250,250,0],"to":[0,0,0],"ti":[0,0,0]},{"i":{"x":0.833,"y":0.833},"o":{"x":0.167,"y":0.167},"t":203,"s":[250,250,0],"e":[250,270,0],"to":[0,3.333,0],"ti":[0,0,0]},{"i":{"x":0.667,"y":1},"o":{"x":0.167,"y":0.167},"t":204,"s":[250,270,0],"e":[250,250,0],"to":[0,0,0],"ti":[0,3.333,0]},{"t":206}],"ix":2},"a":{"a":0,"k":[306,396,0],"ix":1},"s":{"a":0,"k":[80.303,80.303,100],"ix":6}},"ao":0,"shapes":[{"ty":"gr","it":[{"ind":0,"ty":"sh","ix":1,"ks":{"a":0,"k":{"i":[[0,-7],[7,0],[0,7],[-7,0]],"o":[[0,7],[-7,0],[0,-7],[6,0]],"v":[[12,0],[0,12],[-12,0],[0,-12]],"c":true},"ix":2},"nm":"Path 1","mn":"ADBE Vector Shape - Group","hd":false},{"ty":"fl","c":{"a":0,"k":[0.816000007181,0.885999971278,0.875,1],"ix":4},"o":{"a":0,"k":100,"ix":5},"r":1,"bm":0,"nm":"Fill 1","mn":"ADBE Vector Graphic - Fill","hd":false},{"ty":"tr","p":{"a":0,"k":[324,549.763],"ix":2},"a":{"a":0,"k":[0,0],"ix":1},"s":{"a":0,"k":[100,100],"ix":3},"r":{"a":0,"k":0,"ix":6},"o":{"a":0,"k":100,"ix":7},"sk":{"a":0,"k":0,"ix":4},"sa":{"a":0,"k":0,"ix":5},"nm":"Transform"}],"nm":"Group 1","np":4,"cix":2,"bm":0,"ix":1,"mn":"ADBE Vector Group","hd":false},{"ty":"gr","it":[{"ind":0,"ty":"sh","ix":1,"ks":{"a":0,"k":{"i":[[0,-7],[7,0],[0,7],[-7,0]],"o":[[0,7],[-7,0],[0,-7],[6,0]],"v":[[12,0],[0,12],[-12,0],[0,-12]],"c":true},"ix":2},"nm":"Path 1","mn":"ADBE Vector Shape - Group","hd":false},{"ty":"fl","c":{"a":0,"k":[0.816000007181,0.885999971278,0.875,1],"ix":4},"o":{"a":0,"k":100,"ix":5},"r":1,"bm":0,"nm":"Fill 1","mn":"ADBE Vector Graphic - Fill","hd":false},{"ty":"tr","p":{"a":0,"k":[267,549.763],"ix":2},"a":{"a":0,"k":[0,0],"ix":1},"s":{"a":0,"k":[100,100],"ix":3},"r":{"a":0,"k":0,"ix":6},"o":{"a":0,"k":100,"ix":7},"sk":{"a":0,"k":0,"ix":4},"sa":{"a":0,"k":0,"ix":5},"nm":"Transform"}],"nm":"Group 2","np":4,"cix":2,"bm":0,"ix":2,"mn":"ADBE Vector Group","hd":false},{"ty":"gr","it":[{"ind":0,"ty":"sh","ix":1,"ks":{"a":0,"k":{"i":[[0,-7],[7,0],[0,7],[-7,0]],"o":[[0,7],[-7,0],[0,-7],[7,0]],"v":[[12,0],[0,12],[-12,0],[0,-12]],"c":true},"ix":2},"nm":"Path 1","mn":"ADBE Vector Shape - Group","hd":false},{"ty":"fl","c":{"a":0,"k":[0.816000007181,0.885999971278,0.875,1],"ix":4},"o":{"a":0,"k":100,"ix":5},"r":1,"bm":0,"nm":"Fill 1","mn":"ADBE Vector Graphic - Fill","hd":false},{"ty":"tr","p":{"a":0,"k":[209,549.763],"ix":2},"a":{"a":0,"k":[0,0],"ix":1},"s":{"a":0,"k":[100,100],"ix":3},"r":{"a":0,"k":0,"ix":6},"o":{"a":0,"k":100,"ix":7},"sk":{"a":0,"k":0,"ix":4},"sa":{"a":0,"k":0,"ix":5},"nm":"Transform"}],"nm":"Group 3","np":4,"cix":2,"bm":0,"ix":3,"mn":"ADBE Vector Group","hd":false},{"ty":"gr","it":[{"ind":0,"ty":"sh","ix":1,"ks":{"a":0,"k":{"i":[[0,-6],[7,0],[0,7],[-7,0]],"o":[[0,7],[-7,0],[0,-7],[6,0]],"v":[[12,0],[0,12],[-12,0],[0,-12]],"c":true},"ix":2},"nm":"Path 1","mn":"ADBE Vector Shape - Group","hd":false},{"ty":"fl","c":{"a":0,"k":[0.816000007181,0.885999971278,0.875,1],"ix":4},"o":{"a":0,"k":100,"ix":5},"r":1,"bm":0,"nm":"Fill 1","mn":"ADBE Vector Graphic - Fill","hd":false},{"ty":"tr","p":{"a":0,"k":[438,499.763],"ix":2},"a":{"a":0,"k":[0,0],"ix":1},"s":{"a":0,"k":[100,100],"ix":3},"r":{"a":0,"k":0,"ix":6},"o":{"a":0,"k":100,"ix":7},"sk":{"a":0,"k":0,"ix":4},"sa":{"a":0,"k":0,"ix":5},"nm":"Transform"}],"nm":"Group 4","np":4,"cix":2,"bm":0,"ix":4,"mn":"ADBE Vector Group","hd":false},{"ty":"gr","it":[{"ind":0,"ty":"sh","ix":1,"ks":{"a":0,"k":{"i":[[0,-6],[7,0],[0,7],[-7,0]],"o":[[0,7],[-7,0],[0,-7],[6,0]],"v":[[12,0],[0,12],[-12,0],[0,-12]],"c":true},"ix":2},"nm":"Path 1","mn":"ADBE Vector Shape - Group","hd":false},{"ty":"fl","c":{"a":0,"k":[0.816000007181,0.885999971278,0.875,1],"ix":4},"o":{"a":0,"k":100,"ix":5},"r":1,"bm":0,"nm":"Fill 1","mn":"ADBE Vector Graphic - Fill","hd":false},{"ty":"tr","p":{"a":0,"k":[381,499.763],"ix":2},"a":{"a":0,"k":[0,0],"ix":1},"s":{"a":0,"k":[100,100],"ix":3},"r":{"a":0,"k":0,"ix":6},"o":{"a":0,"k":100,"ix":7},"sk":{"a":0,"k":0,"ix":4},"sa":{"a":0,"k":0,"ix":5},"nm":"Transform"}],"nm":"Group 5","np":4,"cix":2,"bm":0,"ix":5,"mn":"ADBE Vector Group","hd":false},{"ty":"gr","it":[{"ind":0,"ty":"sh","ix":1,"ks":{"a":0,"k":{"i":[[0,-6],[7,0],[0,7],[-7,0]],"o":[[0,7],[-7,0],[0,-7],[6,0]],"v":[[12,0],[0,12],[-12,0],[0,-12]],"c":true},"ix":2},"nm":"Path 1","mn":"ADBE Vector Shape - Group","hd":false},{"ty":"fl","c":{"a":0,"k":[0.816000007181,0.885999971278,0.875,1],"ix":4},"o":{"a":0,"k":100,"ix":5},"r":1,"bm":0,"nm":"Fill 1","mn":"ADBE Vector Graphic - Fill","hd":false},{"ty":"tr","p":{"a":0,"k":[324,499.763],"ix":2},"a":{"a":0,"k":[0,0],"ix":1},"s":{"a":0,"k":[100,100],"ix":3},"r":{"a":0,"k":0,"ix":6},"o":{"a":0,"k":100,"ix":7},"sk":{"a":0,"k":0,"ix":4},"sa":{"a":0,"k":0,"ix":5},"nm":"Transform"}],"nm":"Group 6","np":4,"cix":2,"bm":0,"ix":6,"mn":"ADBE Vector Group","hd":false},{"ty":"gr","it":[{"ind":0,"ty":"sh","ix":1,"ks":{"a":0,"k":{"i":[[0,-6],[7,0],[0,7],[-7,0]],"o":[[0,7],[-7,0],[0,-7],[6,0]],"v":[[12,0],[0,12],[-12,0],[0,-12]],"c":true},"ix":2},"nm":"Path 1","mn":"ADBE Vector Shape - Group","hd":false},{"ty":"fl","c":{"a":0,"k":[0.816000007181,0.885999971278,0.875,1],"ix":4},"o":{"a":0,"k":100,"ix":5},"r":1,"bm":0,"nm":"Fill 1","mn":"ADBE Vector Graphic - Fill","hd":false},{"ty":"tr","p":{"a":0,"k":[267,499.763],"ix":2},"a":{"a":0,"k":[0,0],"ix":1},"s":{"a":0,"k":[100,100],"ix":3},"r":{"a":0,"k":0,"ix":6},"o":{"a":0,"k":100,"ix":7},"sk":{"a":0,"k":0,"ix":4},"sa":{"a":0,"k":0,"ix":5},"nm":"Transform"}],"nm":"Group 7","np":4,"cix":2,"bm":0,"ix":7,"mn":"ADBE Vector Group","hd":false},{"ty":"gr","it":[{"ind":0,"ty":"sh","ix":1,"ks":{"a":0,"k":{"i":[[0,-6],[7,0],[0,7],[-7,0]],"o":[[0,7],[-7,0],[0,-7],[7,0]],"v":[[12,0],[0,12],[-12,0],[0,-12]],"c":true},"ix":2},"nm":"Path 1","mn":"ADBE Vector Shape - Group","hd":false},{"ty":"fl","c":{"a":0,"k":[0.816000007181,0.885999971278,0.875,1],"ix":4},"o":{"a":0,"k":100,"ix":5},"r":1,"bm":0,"nm":"Fill 1","mn":"ADBE Vector Graphic - Fill","hd":false},{"ty":"tr","p":{"a":0,"k":[209,499.763],"ix":2},"a":{"a":0,"k":[0,0],"ix":1},"s":{"a":0,"k":[100,100],"ix":3},"r":{"a":0,"k":0,"ix":6},"o":{"a":0,"k":100,"ix":7},"sk":{"a":0,"k":0,"ix":4},"sa":{"a":0,"k":0,"ix":5},"nm":"Transform"}],"nm":"Group 8","np":4,"cix":2,"bm":0,"ix":8,"mn":"ADBE Vector Group","hd":false},{"ty":"gr","it":[{"ind":0,"ty":"sh","ix":1,"ks":{"a":0,"k":{"i":[[0,-6],[7,0],[0,7],[-7,0]],"o":[[0,7],[-7,0],[0,-7],[7,0]],"v":[[12,0],[0,12],[-12,0],[0,-12]],"c":true},"ix":2},"nm":"Path 1","mn":"ADBE Vector Shape - Group","hd":false},{"ty":"fl","c":{"a":0,"k":[0.816000007181,0.885999971278,0.875,1],"ix":4},"o":{"a":0,"k":100,"ix":5},"r":1,"bm":0,"nm":"Fill 1","mn":"ADBE Vector Graphic - Fill","hd":false},{"ty":"tr","p":{"a":0,"k":[152,499.763],"ix":2},"a":{"a":0,"k":[0,0],"ix":1},"s":{"a":0,"k":[100,100],"ix":3},"r":{"a":0,"k":0,"ix":6},"o":{"a":0,"k":100,"ix":7},"sk":{"a":0,"k":0,"ix":4},"sa":{"a":0,"k":0,"ix":5},"nm":"Transform"}],"nm":"Group 9","np":4,"cix":2,"bm":0,"ix":9,"mn":"ADBE Vector Group","hd":false},{"ty":"gr","it":[{"ind":0,"ty":"sh","ix":1,"ks":{"a":0,"k":{"i":[[0,-7],[7,0],[0,7],[-7,0]],"o":[[0,7],[-7,0],[0,-7],[6,-1]],"v":[[12,0.5],[0,12.5],[-12,0.5],[0,-11.5]],"c":true},"ix":2},"nm":"Path 1","mn":"ADBE Vector Shape - Group","hd":false},{"ty":"fl","c":{"a":0,"k":[0.816000007181,0.885999971278,0.875,1],"ix":4},"o":{"a":0,"k":100,"ix":5},"r":1,"bm":0,"nm":"Fill 1","mn":"ADBE Vector Graphic - Fill","hd":false},{"ty":"tr","p":{"a":0,"k":[438,450.263],"ix":2},"a":{"a":0,"k":[0,0],"ix":1},"s":{"a":0,"k":[100,100],"ix":3},"r":{"a":0,"k":0,"ix":6},"o":{"a":0,"k":100,"ix":7},"sk":{"a":0,"k":0,"ix":4},"sa":{"a":0,"k":0,"ix":5},"nm":"Transform"}],"nm":"Group 10","np":4,"cix":2,"bm":0,"ix":10,"mn":"ADBE Vector Group","hd":false},{"ty":"gr","it":[{"ind":0,"ty":"sh","ix":1,"ks":{"a":0,"k":{"i":[[0,-7],[7,0],[0,7],[-7,0]],"o":[[0,7],[-7,0],[0,-7],[6,-1]],"v":[[12,0.5],[0,12.5],[-12,0.5],[0,-11.5]],"c":true},"ix":2},"nm":"Path 1","mn":"ADBE Vector Shape - Group","hd":false},{"ty":"fl","c":{"a":0,"k":[0.816000007181,0.885999971278,0.875,1],"ix":4},"o":{"a":0,"k":100,"ix":5},"r":1,"bm":0,"nm":"Fill 1","mn":"ADBE Vector Graphic - Fill","hd":false},{"ty":"tr","p":{"a":0,"k":[381,450.263],"ix":2},"a":{"a":0,"k":[0,0],"ix":1},"s":{"a":0,"k":[100,100],"ix":3},"r":{"a":0,"k":0,"ix":6},"o":{"a":0,"k":100,"ix":7},"sk":{"a":0,"k":0,"ix":4},"sa":{"a":0,"k":0,"ix":5},"nm":"Transform"}],"nm":"Group 11","np":4,"cix":2,"bm":0,"ix":11,"mn":"ADBE Vector Group","hd":false},{"ty":"gr","it":[{"ind":0,"ty":"sh","ix":1,"ks":{"a":0,"k":{"i":[[0,-7],[7,0],[0,7],[-7,0]],"o":[[0,7],[-7,0],[0,-7],[6,-1]],"v":[[12,0.5],[0,12.5],[-12,0.5],[0,-11.5]],"c":true},"ix":2},"nm":"Path 1","mn":"ADBE Vector Shape - Group","hd":false},{"ty":"fl","c":{"a":0,"k":[0.816000007181,0.885999971278,0.875,1],"ix":4},"o":{"a":0,"k":100,"ix":5},"r":1,"bm":0,"nm":"Fill 1","mn":"ADBE Vector Graphic - Fill","hd":false},{"ty":"tr","p":{"a":0,"k":[324,450.263],"ix":2},"a":{"a":0,"k":[0,0],"ix":1},"s":{"a":0,"k":[100,100],"ix":3},"r":{"a":0,"k":0,"ix":6},"o":{"a":0,"k":100,"ix":7},"sk":{"a":0,"k":0,"ix":4},"sa":{"a":0,"k":0,"ix":5},"nm":"Transform"}],"nm":"Group 12","np":4,"cix":2,"bm":0,"ix":12,"mn":"ADBE Vector Group","hd":false},{"ty":"gr","it":[{"ind":0,"ty":"sh","ix":1,"ks":{"a":0,"k":{"i":[[0,-7],[7,0],[0,7],[-7,0]],"o":[[0,7],[-7,0],[0,-7],[6,-1]],"v":[[12,0.5],[0,12.5],[-12,0.5],[0,-11.5]],"c":true},"ix":2},"nm":"Path 1","mn":"ADBE Vector Shape - Group","hd":false},{"ty":"fl","c":{"a":0,"k":[0.816000007181,0.885999971278,0.875,1],"ix":4},"o":{"a":0,"k":100,"ix":5},"r":1,"bm":0,"nm":"Fill 1","mn":"ADBE Vector Graphic - Fill","hd":false},{"ty":"tr","p":{"a":0,"k":[267,450.263],"ix":2},"a":{"a":0,"k":[0,0],"ix":1},"s":{"a":0,"k":[100,100],"ix":3},"r":{"a":0,"k":0,"ix":6},"o":{"a":0,"k":100,"ix":7},"sk":{"a":0,"k":0,"ix":4},"sa":{"a":0,"k":0,"ix":5},"nm":"Transform"}],"nm":"Group 13","np":4,"cix":2,"bm":0,"ix":13,"mn":"ADBE Vector Group","hd":false},{"ty":"gr","it":[{"ind":0,"ty":"sh","ix":1,"ks":{"a":0,"k":{"i":[[0,-7],[7,0],[0,7],[-7,0]],"o":[[0,7],[-7,0],[0,-7],[7,-1]],"v":[[12,0.5],[0,12.5],[-12,0.5],[0,-11.5]],"c":true},"ix":2},"nm":"Path 1","mn":"ADBE Vector Shape - Group","hd":false},{"ty":"fl","c":{"a":0,"k":[0.816000007181,0.885999971278,0.875,1],"ix":4},"o":{"a":0,"k":100,"ix":5},"r":1,"bm":0,"nm":"Fill 1","mn":"ADBE Vector Graphic - Fill","hd":false},{"ty":"tr","p":{"a":0,"k":[209,450.263],"ix":2},"a":{"a":0,"k":[0,0],"ix":1},"s":{"a":0,"k":[100,100],"ix":3},"r":{"a":0,"k":0,"ix":6},"o":{"a":0,"k":100,"ix":7},"sk":{"a":0,"k":0,"ix":4},"sa":{"a":0,"k":0,"ix":5},"nm":"Transform"}],"nm":"Group 14","np":4,"cix":2,"bm":0,"ix":14,"mn":"ADBE Vector Group","hd":false},{"ty":"gr","it":[{"ind":0,"ty":"sh","ix":1,"ks":{"a":0,"k":{"i":[[0,-7],[7,0],[0,7],[-7,0]],"o":[[0,7],[-7,0],[0,-7],[7,-1]],"v":[[12,0.5],[0,12.5],[-12,0.5],[0,-11.5]],"c":true},"ix":2},"nm":"Path 1","mn":"ADBE Vector Shape - Group","hd":false},{"ty":"fl","c":{"a":0,"k":[0.816000007181,0.885999971278,0.875,1],"ix":4},"o":{"a":0,"k":100,"ix":5},"r":1,"bm":0,"nm":"Fill 1","mn":"ADBE Vector Graphic - Fill","hd":false},{"ty":"tr","p":{"a":0,"k":[152,450.263],"ix":2},"a":{"a":0,"k":[0,0],"ix":1},"s":{"a":0,"k":[100,100],"ix":3},"r":{"a":0,"k":0,"ix":6},"o":{"a":0,"k":100,"ix":7},"sk":{"a":0,"k":0,"ix":4},"sa":{"a":0,"k":0,"ix":5},"nm":"Transform"}],"nm":"Group 15","np":4,"cix":2,"bm":0,"ix":15,"mn":"ADBE Vector Group","hd":false},{"ty":"gr","it":[{"ind":0,"ty":"sh","ix":1,"ks":{"a":0,"k":{"i":[[0,-7],[7,0],[0,7],[-7,0]],"o":[[0,7],[-7,0],[0,-7],[7,-1]],"v":[[12,0.5],[0,12.5],[-12,0.5],[0,-11.5]],"c":true},"ix":2},"nm":"Path 1","mn":"ADBE Vector Shape - Group","hd":false},{"ty":"fl","c":{"a":0,"k":[0.816000007181,0.885999971278,0.875,1],"ix":4},"o":{"a":0,"k":100,"ix":5},"r":1,"bm":0,"nm":"Fill 1","mn":"ADBE Vector Graphic - Fill","hd":false},{"ty":"tr","p":{"a":0,"k":[95,450.263],"ix":2},"a":{"a":0,"k":[0,0],"ix":1},"s":{"a":0,"k":[100,100],"ix":3},"r":{"a":0,"k":0,"ix":6},"o":{"a":0,"k":100,"ix":7},"sk":{"a":0,"k":0,"ix":4},"sa":{"a":0,"k":0,"ix":5},"nm":"Transform"}],"nm":"Group 16","np":4,"cix":2,"bm":0,"ix":16,"mn":"ADBE Vector Group","hd":false},{"ty":"gr","it":[{"ind":0,"ty":"sh","ix":1,"ks":{"a":0,"k":{"i":[[0,-7],[7,0],[0,7],[-7,0]],"o":[[0,7],[-7,0],[0,-7],[6,0]],"v":[[12,0],[0,12],[-12,0],[0,-12]],"c":true},"ix":2},"nm":"Path 1","mn":"ADBE Vector Shape - Group","hd":false},{"ty":"fl","c":{"a":0,"k":[0.816000007181,0.885999971278,0.875,1],"ix":4},"o":{"a":0,"k":100,"ix":5},"r":1,"bm":0,"nm":"Fill 1","mn":"ADBE Vector Graphic - Fill","hd":false},{"ty":"tr","p":{"a":0,"k":[438,400.763],"ix":2},"a":{"a":0,"k":[0,0],"ix":1},"s":{"a":0,"k":[100,100],"ix":3},"r":{"a":0,"k":0,"ix":6},"o":{"a":0,"k":100,"ix":7},"sk":{"a":0,"k":0,"ix":4},"sa":{"a":0,"k":0,"ix":5},"nm":"Transform"}],"nm":"Group 17","np":4,"cix":2,"bm":0,"ix":17,"mn":"ADBE Vector Group","hd":false},{"ty":"gr","it":[{"ind":0,"ty":"sh","ix":1,"ks":{"a":0,"k":{"i":[[0,-7],[7,0],[0,7],[-7,0]],"o":[[0,7],[-7,0],[0,-7],[6,0]],"v":[[12,0],[0,12],[-12,0],[0,-12]],"c":true},"ix":2},"nm":"Path 1","mn":"ADBE Vector Shape - Group","hd":false},{"ty":"fl","c":{"a":0,"k":[0.816000007181,0.885999971278,0.875,1],"ix":4},"o":{"a":0,"k":100,"ix":5},"r":1,"bm":0,"nm":"Fill 1","mn":"ADBE Vector Graphic - Fill","hd":false},{"ty":"tr","p":{"a":0,"k":[381,400.763],"ix":2},"a":{"a":0,"k":[0,0],"ix":1},"s":{"a":0,"k":[100,100],"ix":3},"r":{"a":0,"k":0,"ix":6},"o":{"a":0,"k":100,"ix":7},"sk":{"a":0,"k":0,"ix":4},"sa":{"a":0,"k":0,"ix":5},"nm":"Transform"}],"nm":"Group 18","np":4,"cix":2,"bm":0,"ix":18,"mn":"ADBE Vector Group","hd":false},{"ty":"gr","it":[{"ind":0,"ty":"sh","ix":1,"ks":{"a":0,"k":{"i":[[0,-7],[7,0],[0,7],[-7,0]],"o":[[0,7],[-7,0],[0,-7],[6,0]],"v":[[12,0],[0,12],[-12,0],[0,-12]],"c":true},"ix":2},"nm":"Path 1","mn":"ADBE Vector Shape - Group","hd":false},{"ty":"fl","c":{"a":0,"k":[0.816000007181,0.885999971278,0.875,1],"ix":4},"o":{"a":0,"k":100,"ix":5},"r":1,"bm":0,"nm":"Fill 1","mn":"ADBE Vector Graphic - Fill","hd":false},{"ty":"tr","p":{"a":0,"k":[324,400.763],"ix":2},"a":{"a":0,"k":[0,0],"ix":1},"s":{"a":0,"k":[100,100],"ix":3},"r":{"a":0,"k":0,"ix":6},"o":{"a":0,"k":100,"ix":7},"sk":{"a":0,"k":0,"ix":4},"sa":{"a":0,"k":0,"ix":5},"nm":"Transform"}],"nm":"Group 19","np":4,"cix":2,"bm":0,"ix":19,"mn":"ADBE Vector Group","hd":false},{"ty":"gr","it":[{"ind":0,"ty":"sh","ix":1,"ks":{"a":0,"k":{"i":[[0,-7],[7,0],[0,7],[-7,0]],"o":[[0,7],[-7,0],[0,-7],[6,0]],"v":[[12,0],[0,12],[-12,0],[0,-12]],"c":true},"ix":2},"nm":"Path 1","mn":"ADBE Vector Shape - Group","hd":false},{"ty":"fl","c":{"a":0,"k":[0.816000007181,0.885999971278,0.875,1],"ix":4},"o":{"a":0,"k":100,"ix":5},"r":1,"bm":0,"nm":"Fill 1","mn":"ADBE Vector Graphic - Fill","hd":false},{"ty":"tr","p":{"a":0,"k":[267,400.763],"ix":2},"a":{"a":0,"k":[0,0],"ix":1},"s":{"a":0,"k":[100,100],"ix":3},"r":{"a":0,"k":0,"ix":6},"o":{"a":0,"k":100,"ix":7},"sk":{"a":0,"k":0,"ix":4},"sa":{"a":0,"k":0,"ix":5},"nm":"Transform"}],"nm":"Group 20","np":4,"cix":2,"bm":0,"ix":20,"mn":"ADBE Vector Group","hd":false},{"ty":"gr","it":[{"ind":0,"ty":"sh","ix":1,"ks":{"a":0,"k":{"i":[[0,-7],[7,0],[0,7],[-7,0]],"o":[[0,7],[-7,0],[0,-7],[7,0]],"v":[[12,0],[0,12],[-12,0],[0,-12]],"c":true},"ix":2},"nm":"Path 1","mn":"ADBE Vector Shape - Group","hd":false},{"ty":"fl","c":{"a":0,"k":[0.816000007181,0.885999971278,0.875,1],"ix":4},"o":{"a":0,"k":100,"ix":5},"r":1,"bm":0,"nm":"Fill 1","mn":"ADBE Vector Graphic - Fill","hd":false},{"ty":"tr","p":{"a":0,"k":[209,400.763],"ix":2},"a":{"a":0,"k":[0,0],"ix":1},"s":{"a":0,"k":[100,100],"ix":3},"r":{"a":0,"k":0,"ix":6},"o":{"a":0,"k":100,"ix":7},"sk":{"a":0,"k":0,"ix":4},"sa":{"a":0,"k":0,"ix":5},"nm":"Transform"}],"nm":"Group 21","np":4,"cix":2,"bm":0,"ix":21,"mn":"ADBE Vector Group","hd":false},{"ty":"gr","it":[{"ind":0,"ty":"sh","ix":1,"ks":{"a":0,"k":{"i":[[0,-7],[7,0],[0,7],[-7,0]],"o":[[0,7],[-7,0],[0,-7],[7,0]],"v":[[12,0],[0,12],[-12,0],[0,-12]],"c":true},"ix":2},"nm":"Path 1","mn":"ADBE Vector Shape - Group","hd":false},{"ty":"fl","c":{"a":0,"k":[0.816000007181,0.885999971278,0.875,1],"ix":4},"o":{"a":0,"k":100,"ix":5},"r":1,"bm":0,"nm":"Fill 1","mn":"ADBE Vector Graphic - Fill","hd":false},{"ty":"tr","p":{"a":0,"k":[152,400.763],"ix":2},"a":{"a":0,"k":[0,0],"ix":1},"s":{"a":0,"k":[100,100],"ix":3},"r":{"a":0,"k":0,"ix":6},"o":{"a":0,"k":100,"ix":7},"sk":{"a":0,"k":0,"ix":4},"sa":{"a":0,"k":0,"ix":5},"nm":"Transform"}],"nm":"Group 22","np":4,"cix":2,"bm":0,"ix":22,"mn":"ADBE Vector Group","hd":false},{"ty":"gr","it":[{"ind":0,"ty":"sh","ix":1,"ks":{"a":0,"k":{"i":[[0,-7],[7,0],[0,7],[-7,0]],"o":[[0,7],[-7,0],[0,-7],[7,0]],"v":[[12,0],[0,12],[-12,0],[0,-12]],"c":true},"ix":2},"nm":"Path 1","mn":"ADBE Vector Shape - Group","hd":false},{"ty":"fl","c":{"a":0,"k":[0.816000007181,0.885999971278,0.875,1],"ix":4},"o":{"a":0,"k":100,"ix":5},"r":1,"bm":0,"nm":"Fill 1","mn":"ADBE Vector Graphic - Fill","hd":false},{"ty":"tr","p":{"a":0,"k":[95,400.763],"ix":2},"a":{"a":0,"k":[0,0],"ix":1},"s":{"a":0,"k":[100,100],"ix":3},"r":{"a":0,"k":0,"ix":6},"o":{"a":0,"k":100,"ix":7},"sk":{"a":0,"k":0,"ix":4},"sa":{"a":0,"k":0,"ix":5},"nm":"Transform"}],"nm":"Group 23","np":4,"cix":2,"bm":0,"ix":23,"mn":"ADBE Vector Group","hd":false},{"ty":"gr","it":[{"ind":0,"ty":"sh","ix":1,"ks":{"a":0,"k":{"i":[[0,0],[8,-8],[8,8]],"o":[[8,8],[-8,8],[0,0]],"v":[[11,-19],[11,11],[-19,11]],"c":false},"ix":2},"nm":"Path 1","mn":"ADBE Vector Shape - Group","hd":false},{"ty":"fl","c":{"a":0,"k":[0.816000007181,0.885999971278,0.875,1],"ix":4},"o":{"a":0,"k":100,"ix":5},"r":1,"bm":0,"nm":"Fill 1","mn":"ADBE Vector Graphic - Fill","hd":false},{"ty":"tr","p":{"a":0,"k":[424,606.763],"ix":2},"a":{"a":0,"k":[0,0],"ix":1},"s":{"a":0,"k":[100,100],"ix":3},"r":{"a":0,"k":0,"ix":6},"o":{"a":0,"k":100,"ix":7},"sk":{"a":0,"k":0,"ix":4},"sa":{"a":0,"k":0,"ix":5},"nm":"Transform"}],"nm":"Group 24","np":4,"cix":2,"bm":0,"ix":24,"mn":"ADBE Vector Group","hd":false},{"ty":"gr","it":[{"ind":0,"ty":"sh","ix":1,"ks":{"a":0,"k":{"i":[[-11.598,0],[0,-11.598],[11.598,0],[0,11.598]],"o":[[11.598,0],[0,11.598],[-11.598,0],[0,-11.598]],"v":[[0,-21],[21,0],[0,21],[-21,0]],"c":true},"ix":2},"nm":"Path 1","mn":"ADBE Vector Shape - Group","hd":false},{"ty":"fl","c":{"a":0,"k":[1,1,1,1],"ix":4},"o":{"a":0,"k":100,"ix":5},"r":1,"bm":0,"nm":"Fill 1","mn":"ADBE Vector Graphic - Fill","hd":false},{"ty":"tr","p":{"a":0,"k":[420,602.763],"ix":2},"a":{"a":0,"k":[0,0],"ix":1},"s":{"a":0,"k":[100,100],"ix":3},"r":{"a":0,"k":0,"ix":6},"o":{"a":0,"k":100,"ix":7},"sk":{"a":0,"k":0,"ix":4},"sa":{"a":0,"k":0,"ix":5},"nm":"Transform"}],"nm":"Group 25","np":4,"cix":2,"bm":0,"ix":25,"mn":"ADBE Vector Group","hd":false},{"ty":"gr","it":[{"ind":0,"ty":"sh","ix":1,"ks":{"a":0,"k":{"i":[[0,-6],[6,0],[0,0],[0,6],[-6,0],[0,0]],"o":[[0,6],[0,0],[-6,0],[0,-6],[0,0],[6,0]],"v":[[180,0],[170,10],[-170,10],[-180,0],[-170,-10],[170,-10]],"c":true},"ix":2},"nm":"Path 1","mn":"ADBE Vector Shape - Group","hd":false},{"ty":"fl","c":{"a":0,"k":[0.075,0.317999985639,0.517999985639,1],"ix":4},"o":{"a":0,"k":100,"ix":5},"r":1,"bm":0,"nm":"Fill 1","mn":"ADBE Vector Graphic - Fill","hd":false},{"ty":"tr","p":{"a":0,"k":[296,585.763],"ix":2},"a":{"a":0,"k":[0,0],"ix":1},"s":{"a":0,"k":[100,100],"ix":3},"r":{"a":0,"k":0,"ix":6},"o":{"a":0,"k":100,"ix":7},"sk":{"a":0,"k":0,"ix":4},"sa":{"a":0,"k":0,"ix":5},"nm":"Transform"}],"nm":"Group 36","np":4,"cix":2,"bm":0,"ix":26,"mn":"ADBE Vector Group","hd":false},{"ty":"gr","it":[{"ind":0,"ty":"sh","ix":1,"ks":{"a":0,"k":{"i":[[0,0],[0,0],[18,0],[0,0],[0,18]],"o":[[0,0],[0,18],[0,0],[-18,0],[0,0]],"v":[[79.5,-16.5],[79.5,-16.5],[46.5,16.5],[-46.5,16.5],[-79.5,-16.5]],"c":false},"ix":2},"nm":"Path 1","mn":"ADBE Vector Shape - Group","hd":false},{"ty":"fl","c":{"a":0,"k":[0.027000000898,0.620000023935,0.505999995213,1],"ix":4},"o":{"a":0,"k":100,"ix":5},"r":1,"bm":0,"nm":"Fill 1","mn":"ADBE Vector Graphic - Fill","hd":false},{"ty":"tr","p":{"a":0,"k":[532.5,289.263],"ix":2},"a":{"a":0,"k":[0,0],"ix":1},"s":{"a":0,"k":[100,100],"ix":3},"r":{"a":0,"k":0,"ix":6},"o":{"a":0,"k":100,"ix":7},"sk":{"a":0,"k":0,"ix":4},"sa":{"a":0,"k":0,"ix":5},"nm":"Transform"}],"nm":"Group 37","np":4,"cix":2,"bm":0,"ix":27,"mn":"ADBE Vector Group","hd":false},{"ty":"gr","it":[{"ind":0,"ty":"sh","ix":1,"ks":{"a":0,"k":{"i":[[0,-18],[18,0],[0,0],[0,18],[-18,0],[0,0]],"o":[[0,18],[0,0],[-18,0],[0,-18],[0,0],[18,0]],"v":[[79.5,0],[46.5,35],[-46.5,35],[-79.5,0],[-46.5,-35],[46.5,-35]],"c":true},"ix":2},"nm":"Path 1","mn":"ADBE Vector Shape - Group","hd":false},{"ty":"fl","c":{"a":0,"k":[0.136999990426,0.757000014361,0.505999995213,1],"ix":4},"o":{"a":0,"k":100,"ix":5},"r":1,"bm":0,"nm":"Fill 1","mn":"ADBE Vector Graphic - Fill","hd":false},{"ty":"tr","p":{"a":0,"k":[532.5,270.763],"ix":2},"a":{"a":0,"k":[0,0],"ix":1},"s":{"a":0,"k":[100,100],"ix":3},"r":{"a":0,"k":0,"ix":6},"o":{"a":0,"k":100,"ix":7},"sk":{"a":0,"k":0,"ix":4},"sa":{"a":0,"k":0,"ix":5},"nm":"Transform"}],"nm":"Group 38","np":4,"cix":2,"bm":0,"ix":28,"mn":"ADBE Vector Group","hd":false},{"ty":"gr","it":[{"ind":0,"ty":"sh","ix":1,"ks":{"a":0,"k":{"i":[[0,0],[0,0],[0,0],[0,0]],"o":[[0,0],[0,0],[0,0],[0,0]],"v":[[188.5,120],[72.5,-43],[-260.5,-120],[260.5,-120]],"c":true},"ix":2},"nm":"Path 1","mn":"ADBE Vector Shape - Group","hd":false},{"ty":"fl","c":{"a":0,"k":[0.075,0.317999985639,0.517999985639,1],"ix":4},"o":{"a":0,"k":100,"ix":5},"r":1,"bm":0,"nm":"Fill 1","mn":"ADBE Vector Graphic - Fill","hd":false},{"ty":"tr","p":{"a":0,"k":[260.5,475.763],"ix":2},"a":{"a":0,"k":[0,0],"ix":1},"s":{"a":0,"k":[100,100],"ix":3},"r":{"a":0,"k":0,"ix":6},"o":{"a":0,"k":100,"ix":7},"sk":{"a":0,"k":0,"ix":4},"sa":{"a":0,"k":0,"ix":5},"nm":"Transform"}],"nm":"Group 39","np":4,"cix":2,"bm":0,"ix":29,"mn":"ADBE Vector Group","hd":false},{"ty":"gr","it":[{"ind":0,"ty":"sh","ix":1,"ks":{"a":0,"k":{"i":[[0,0],[0,0],[0,0],[0,0]],"o":[[0,0],[0,0],[0,0],[0,0]],"v":[[188.5,120],[-136.5,120],[-260.5,-120],[260.5,-120]],"c":true},"ix":2},"nm":"Path 1","mn":"ADBE Vector Shape - Group","hd":false},{"ty":"fl","c":{"a":0,"k":[0.054999998504,0.458999992819,0.685999971278,1],"ix":4},"o":{"a":0,"k":100,"ix":5},"r":1,"bm":0,"nm":"Fill 1","mn":"ADBE Vector Graphic - Fill","hd":false},{"ty":"tr","p":{"a":0,"k":[260.5,475.763],"ix":2},"a":{"a":0,"k":[0,0],"ix":1},"s":{"a":0,"k":[100,100],"ix":3},"r":{"a":0,"k":0,"ix":6},"o":{"a":0,"k":100,"ix":7},"sk":{"a":0,"k":0,"ix":4},"sa":{"a":0,"k":0,"ix":5},"nm":"Transform"}],"nm":"Group 40","np":4,"cix":2,"bm":0,"ix":30,"mn":"ADBE Vector Group","hd":false},{"ty":"gr","it":[{"ind":0,"ty":"sh","ix":1,"ks":{"a":0,"k":{"i":[[0,0],[9,0],[0,12],[0,0],[-9,0],[0,-12]],"o":[[0,12],[-9,0],[0,0],[0,-12],[9,0],[0,0]],"v":[[15,31.5],[0,53.5],[-15,31.5],[-15,-31.5],[0,-53.5],[15,-31.5]],"c":true},"ix":2},"nm":"Path 1","mn":"ADBE Vector Shape - Group","hd":false},{"ty":"fl","c":{"a":0,"k":[0.13300000359,0.20800000359,0.258999992819,1],"ix":4},"o":{"a":0,"k":100,"ix":5},"r":1,"bm":0,"nm":"Fill 1","mn":"ADBE Vector Graphic - Fill","hd":false},{"ty":"tr","p":{"a":0,"k":[471,322.263],"ix":2},"a":{"a":0,"k":[0,0],"ix":1},"s":{"a":0,"k":[100,100],"ix":3},"r":{"a":0,"k":0,"ix":6},"o":{"a":0,"k":100,"ix":7},"sk":{"a":0,"k":0,"ix":4},"sa":{"a":0,"k":0,"ix":5},"nm":"Transform"}],"nm":"Group 41","np":4,"cix":2,"bm":0,"ix":31,"mn":"ADBE Vector Group","hd":false}],"ip":172,"op":900,"st":0,"bm":0},{"ddd":0,"ind":3,"ty":4,"nm":"Item3","sr":1,"ks":{"o":{"a":0,"k":100,"ix":11},"r":{"a":1,"k":[{"i":{"x":[0.833],"y":[0.833]},"o":{"x":[0.167],"y":[0.167]},"t":203,"s":[0],"e":[5]},{"i":{"x":[0.833],"y":[0.833]},"o":{"x":[0.167],"y":[0.167]},"t":206,"s":[5],"e":[0]},{"t":210}],"ix":10},"p":{"a":1,"k":[{"i":{"x":0.833,"y":0.833},"o":{"x":0.167,"y":0.167},"t":197,"s":[250,80,0],"e":[250,250,0],"to":[0,28.333,0],"ti":[0,-28.333,0]},{"t":202}],"ix":2},"a":{"a":0,"k":[306,396,0],"ix":1},"s":{"a":0,"k":[80.303,80.303,100],"ix":6}},"ao":0,"shapes":[{"ty":"gr","it":[{"ind":0,"ty":"sh","ix":1,"ks":{"a":0,"k":{"i":[[0,0],[0,0],[0,0]],"o":[[0,0],[0,0],[0,0]],"v":[[-42,-83.5],[42,-0.5],[-42,83.5]],"c":false},"ix":2},"nm":"Path 1","mn":"ADBE Vector Shape - Group","hd":false},{"ty":"fl","c":{"a":0,"k":[0.827000038297,0.54900004069,0.051000000449,1],"ix":4},"o":{"a":0,"k":100,"ix":5},"r":1,"bm":0,"nm":"Fill 1","mn":"ADBE Vector Graphic - Fill","hd":false},{"ty":"tr","p":{"a":0,"k":[374,197.263],"ix":2},"a":{"a":0,"k":[0,0],"ix":1},"s":{"a":0,"k":[100,100],"ix":3},"r":{"a":0,"k":0,"ix":6},"o":{"a":0,"k":100,"ix":7},"sk":{"a":0,"k":0,"ix":4},"sa":{"a":0,"k":0,"ix":5},"nm":"Transform"}],"nm":"Group 42","np":2,"cix":2,"bm":0,"ix":1,"mn":"ADBE Vector Group","hd":false},{"ty":"gr","it":[{"ind":0,"ty":"sh","ix":1,"ks":{"a":0,"k":{"i":[[0,0],[0,0],[0,0],[0,0]],"o":[[0,0],[0,0],[0,0],[0,0]],"v":[[0,83.437],[-83.437,0],[0,-83.437],[83.437,0]],"c":true},"ix":2},"nm":"Path 1","mn":"ADBE Vector Shape - Group","hd":false},{"ty":"fl","c":{"a":0,"k":[0.936999990426,0.663000009574,0.105999995213,1],"ix":4},"o":{"a":0,"k":100,"ix":5},"r":1,"bm":0,"nm":"Fill 1","mn":"ADBE Vector Graphic - Fill","hd":false},{"ty":"tr","p":{"a":0,"k":[332.229,197.052],"ix":2},"a":{"a":0,"k":[0,0],"ix":1},"s":{"a":0,"k":[100,100],"ix":3},"r":{"a":0,"k":0,"ix":6},"o":{"a":0,"k":100,"ix":7},"sk":{"a":0,"k":0,"ix":4},"sa":{"a":0,"k":0,"ix":5},"nm":"Transform"}],"nm":"Group 43","np":2,"cix":2,"bm":0,"ix":2,"mn":"ADBE Vector Group","hd":false}],"ip":172,"op":900,"st":0,"bm":0},{"ddd":0,"ind":4,"ty":4,"nm":"Item2","sr":1,"ks":{"o":{"a":0,"k":100,"ix":11},"r":{"a":1,"k":[{"i":{"x":[0.667],"y":[1]},"o":{"x":[0.167],"y":[0.167]},"t":177,"s":[-46],"e":[0]},{"t":182}],"ix":10},"p":{"a":1,"k":[{"i":{"x":0.833,"y":0.833},"o":{"x":0.167,"y":0.167},"t":177,"s":[250,-20,0],"e":[250,272,0],"to":[0,48.667,0],"ti":[0,-45,0]},{"i":{"x":0.667,"y":1},"o":{"x":0.167,"y":0.167},"t":182,"s":[250,272,0],"e":[250,250,0],"to":[0,45,0],"ti":[0,3.667,0]},{"t":185}],"ix":2},"a":{"a":0,"k":[306,396,0],"ix":1},"s":{"a":0,"k":[80.303,80.303,100],"ix":6}},"ao":0,"shapes":[{"ty":"gr","it":[{"ind":0,"ty":"sh","ix":1,"ks":{"a":0,"k":{"i":[[0,0],[0,0],[0,0]],"o":[[0,0],[0,0],[0,0]],"v":[[-60,-60],[60,-60],[60,60]],"c":false},"ix":2},"nm":"Path 1","mn":"ADBE Vector Shape - Group","hd":false},{"ty":"fl","c":{"a":0,"k":[0.827000038297,0.54900004069,0.051000000449,1],"ix":4},"o":{"a":0,"k":100,"ix":5},"r":1,"bm":0,"nm":"Fill 1","mn":"ADBE Vector Graphic - Fill","hd":false},{"ty":"tr","p":{"a":0,"k":[346,345.763],"ix":2},"a":{"a":0,"k":[0,0],"ix":1},"s":{"a":0,"k":[100,100],"ix":3},"r":{"a":0,"k":0,"ix":6},"o":{"a":0,"k":100,"ix":7},"sk":{"a":0,"k":0,"ix":4},"sa":{"a":0,"k":0,"ix":5},"nm":"Transform"}],"nm":"Group 44","np":2,"cix":2,"bm":0,"ix":1,"mn":"ADBE Vector Group","hd":false},{"ty":"gr","it":[{"ind":0,"ty":"sh","ix":1,"ks":{"a":0,"k":{"i":[[0,0],[0,0],[0,0],[0,0]],"o":[[0,0],[0,0],[0,0],[0,0]],"v":[[-60,-60],[60,-60],[60,60],[-60,60]],"c":true},"ix":2},"nm":"Path 1","mn":"ADBE Vector Shape - Group","hd":false},{"ty":"fl","c":{"a":0,"k":[0.936999990426,0.663000009574,0.105999995213,1],"ix":4},"o":{"a":0,"k":100,"ix":5},"r":1,"bm":0,"nm":"Fill 1","mn":"ADBE Vector Graphic - Fill","hd":false},{"ty":"tr","p":{"a":0,"k":[346,345.763],"ix":2},"a":{"a":0,"k":[0,0],"ix":1},"s":{"a":0,"k":[100,100],"ix":3},"r":{"a":0,"k":0,"ix":6},"o":{"a":0,"k":100,"ix":7},"sk":{"a":0,"k":0,"ix":4},"sa":{"a":0,"k":0,"ix":5},"nm":"Transform"}],"nm":"Group 45","np":2,"cix":2,"bm":0,"ix":2,"mn":"ADBE Vector Group","hd":false}],"ip":172,"op":900,"st":0,"bm":0},{"ddd":0,"ind":5,"ty":4,"nm":"Item1","sr":1,"ks":{"o":{"a":0,"k":100,"ix":11},"r":{"a":0,"k":0,"ix":10},"p":{"a":1,"k":[{"i":{"x":0.833,"y":0.833},"o":{"x":0.167,"y":0.167},"t":172,"s":[250,-42,0],"e":[250,272,0],"to":[0,52.333,0],"ti":[0,-48.667,0]},{"i":{"x":0.667,"y":1},"o":{"x":0.167,"y":0.167},"t":177,"s":[250,272,0],"e":[250,250,0],"to":[0,48.667,0],"ti":[0,3.667,0]},{"t":180}],"ix":2},"a":{"a":0,"k":[306,396,0],"ix":1},"s":{"a":0,"k":[80.303,80.303,100],"ix":6}},"ao":0,"shapes":[{"ty":"gr","it":[{"ind":0,"ty":"sh","ix":1,"ks":{"a":0,"k":{"i":[[0,0],[0,0],[0,0]],"o":[[0,0],[0,0],[0,0]],"v":[[-105,-105],[105,-105],[105,105]],"c":false},"ix":2},"nm":"Path 1","mn":"ADBE Vector Shape - Group","hd":false},{"ty":"fl","c":{"a":0,"k":[0.827000038297,0.54900004069,0.051000000449,1],"ix":4},"o":{"a":0,"k":100,"ix":5},"r":1,"bm":0,"nm":"Fill 1","mn":"ADBE Vector Graphic - Fill","hd":false},{"ty":"tr","p":{"a":0,"k":[171,330.763],"ix":2},"a":{"a":0,"k":[0,0],"ix":1},"s":{"a":0,"k":[100,100],"ix":3},"r":{"a":0,"k":0,"ix":6},"o":{"a":0,"k":100,"ix":7},"sk":{"a":0,"k":0,"ix":4},"sa":{"a":0,"k":0,"ix":5},"nm":"Transform"}],"nm":"Group 46","np":2,"cix":2,"bm":0,"ix":1,"mn":"ADBE Vector Group","hd":false},{"ty":"gr","it":[{"ind":0,"ty":"sh","ix":1,"ks":{"a":0,"k":{"i":[[0,0],[0,0],[0,0],[0,0]],"o":[[0,0],[0,0],[0,0],[0,0]],"v":[[-105,-105],[105,-105],[105,105],[-105,105]],"c":true},"ix":2},"nm":"Path 1","mn":"ADBE Vector Shape - Group","hd":false},{"ty":"fl","c":{"a":0,"k":[0.936999990426,0.663000009574,0.105999995213,1],"ix":4},"o":{"a":0,"k":100,"ix":5},"r":1,"bm":0,"nm":"Fill 1","mn":"ADBE Vector Graphic - Fill","hd":false},{"ty":"tr","p":{"a":0,"k":[171,330.763],"ix":2},"a":{"a":0,"k":[0,0],"ix":1},"s":{"a":0,"k":[100,100],"ix":3},"r":{"a":0,"k":0,"ix":6},"o":{"a":0,"k":100,"ix":7},"sk":{"a":0,"k":0,"ix":4},"sa":{"a":0,"k":0,"ix":5},"nm":"Transform"}],"nm":"Group 47","np":2,"cix":2,"bm":0,"ix":2,"mn":"ADBE Vector Group","hd":false}],"ip":172,"op":900,"st":0,"bm":0}]}],"layers":[{"ddd":0,"ind":1,"ty":4,"nm":"Pakage 3","sr":1,"ks":{"o":{"a":0,"k":100,"ix":11},"r":{"a":1,"k":[{"i":{"x":[0.667],"y":[1]},"o":{"x":[0.167],"y":[0.167]},"t":247,"s":[0],"e":[360]},{"t":262}],"ix":10},"p":{"a":1,"k":[{"i":{"x":0.667,"y":1},"o":{"x":0.167,"y":0.167},"t":247,"s":[-400,16,0],"e":[284,252,0],"to":[114,39.333,0],"ti":[-114,-39.333,0]},{"t":262}],"ix":2},"a":{"a":0,"k":[306,396,0],"ix":1},"s":{"a":0,"k":[82,82,100],"ix":6}},"ao":0,"shapes":[{"ty":"gr","it":[{"ind":0,"ty":"sh","ix":1,"ks":{"a":0,"k":{"i":[[0,0],[0,0],[0,0],[46.649,-9.106]],"o":[[0,0],[0,0],[-36.404,30.547],[0,0]],"v":[[-63.311,42.681],[63.31,42.681],[63.31,-42.681],[-63.311,17.779]],"c":true},"ix":2},"nm":"Path 1","mn":"ADBE Vector Shape - Group","hd":false},{"ty":"fl","c":{"a":0,"k":[1,0.635000011968,0.187999994615,1],"ix":4},"o":{"a":0,"k":100,"ix":5},"r":1,"bm":0,"nm":"Fill 1","mn":"ADBE Vector Graphic - Fill","hd":false},{"ty":"tr","p":{"a":0,"k":[453.725,532.698],"ix":2},"a":{"a":0,"k":[0,0],"ix":1},"s":{"a":0,"k":[100,100],"ix":3},"r":{"a":0,"k":0,"ix":6},"o":{"a":0,"k":100,"ix":7},"sk":{"a":0,"k":0,"ix":4},"sa":{"a":0,"k":0,"ix":5},"nm":"Transform"}],"nm":"Group 8","np":2,"cix":2,"bm":0,"ix":7,"mn":"ADBE Vector Group","hd":false},{"ty":"gr","it":[{"ind":0,"ty":"sh","ix":1,"ks":{"a":0,"k":{"i":[[0,0],[0,0],[0,0],[0,0]],"o":[[0,0],[0,0],[0,0],[0,0]],"v":[[-21.103,-21.103],[21.103,-21.103],[21.103,21.103],[-21.103,21.103]],"c":true},"ix":2},"nm":"Path 1","mn":"ADBE Vector Shape - Group","hd":false},{"ty":"fl","c":{"a":0,"k":[0.991999966491,0.481999984442,0.184000007779,1],"ix":4},"o":{"a":0,"k":100,"ix":5},"r":1,"bm":0,"nm":"Fill 1","mn":"ADBE Vector Graphic - Fill","hd":false},{"ty":"tr","p":{"a":0,"k":[453.724,469.862],"ix":2},"a":{"a":0,"k":[0,0],"ix":1},"s":{"a":0,"k":[100,100],"ix":3},"r":{"a":0,"k":0,"ix":6},"o":{"a":0,"k":100,"ix":7},"sk":{"a":0,"k":0,"ix":4},"sa":{"a":0,"k":0,"ix":5},"nm":"Transform"}],"nm":"Group 9","np":2,"cix":2,"bm":0,"ix":8,"mn":"ADBE Vector Group","hd":false},{"ty":"gr","it":[{"ind":0,"ty":"sh","ix":1,"ks":{"a":0,"k":{"i":[[0,0],[0,0],[0,0],[0,0]],"o":[[0,0],[0,0],[0,0],[0,0]],"v":[[-63.311,-63.311],[63.311,-63.311],[63.311,63.31],[-63.311,63.31]],"c":true},"ix":2},"nm":"Path 1","mn":"ADBE Vector Shape - Group","hd":false},{"ty":"fl","c":{"a":0,"k":[0.991999966491,0.713999968884,0.184000007779,1],"ix":4},"o":{"a":0,"k":100,"ix":5},"r":1,"bm":0,"nm":"Fill 1","mn":"ADBE Vector Graphic - Fill","hd":false},{"ty":"tr","p":{"a":0,"k":[453.725,512.07],"ix":2},"a":{"a":0,"k":[0,0],"ix":1},"s":{"a":0,"k":[100,100],"ix":3},"r":{"a":0,"k":0,"ix":6},"o":{"a":0,"k":100,"ix":7},"sk":{"a":0,"k":0,"ix":4},"sa":{"a":0,"k":0,"ix":5},"nm":"Transform"}],"nm":"Group 10","np":2,"cix":2,"bm":0,"ix":9,"mn":"ADBE Vector Group","hd":false}],"ip":227,"op":276,"st":0,"bm":0},{"ddd":0,"ind":2,"ty":4,"nm":"Pakage 2","sr":1,"ks":{"o":{"a":0,"k":100,"ix":11},"r":{"a":1,"k":[{"i":{"x":[0.667],"y":[1]},"o":{"x":[0.167],"y":[0.167]},"t":237,"s":[0],"e":[360]},{"t":252}],"ix":10},"p":{"a":1,"k":[{"i":{"x":0.667,"y":1},"o":{"x":0.167,"y":0.167},"t":237,"s":[-560,-78,0],"e":[284,252,0],"to":[140.667,55,0],"ti":[-140.667,-55,0]},{"t":252}],"ix":2},"a":{"a":0,"k":[306,396,0],"ix":1},"s":{"a":0,"k":[82,82,100],"ix":6}},"ao":0,"shapes":[{"ty":"gr","it":[{"ind":0,"ty":"sh","ix":1,"ks":{"a":0,"k":{"i":[[0,0],[0,0],[0,0],[46.649,-9.106]],"o":[[0,0],[0,0],[-36.404,30.547],[0,0]],"v":[[-63.311,42.682],[63.31,42.682],[63.31,-42.681],[-63.311,17.78]],"c":true},"ix":2},"nm":"Path 1","mn":"ADBE Vector Shape - Group","hd":false},{"ty":"fl","c":{"a":0,"k":[1,0.635000011968,0.187999994615,1],"ix":4},"o":{"a":0,"k":100,"ix":5},"r":1,"bm":0,"nm":"Fill 1","mn":"ADBE Vector Graphic - Fill","hd":false},{"ty":"tr","p":{"a":0,"k":[327.104,659.318],"ix":2},"a":{"a":0,"k":[0,0],"ix":1},"s":{"a":0,"k":[100,100],"ix":3},"r":{"a":0,"k":0,"ix":6},"o":{"a":0,"k":100,"ix":7},"sk":{"a":0,"k":0,"ix":4},"sa":{"a":0,"k":0,"ix":5},"nm":"Transform"}],"nm":"Group 2","np":2,"cix":2,"bm":0,"ix":1,"mn":"ADBE Vector Group","hd":false},{"ty":"gr","it":[{"ind":0,"ty":"sh","ix":1,"ks":{"a":0,"k":{"i":[[0,0],[0,0],[0,0],[0,0]],"o":[[0,0],[0,0],[0,0],[0,0]],"v":[[-21.103,-21.103],[21.103,-21.103],[21.103,21.103],[-21.103,21.103]],"c":true},"ix":2},"nm":"Path 1","mn":"ADBE Vector Shape - Group","hd":false},{"ty":"fl","c":{"a":0,"k":[0.991999966491,0.481999984442,0.184000007779,1],"ix":4},"o":{"a":0,"k":100,"ix":5},"r":1,"bm":0,"nm":"Fill 1","mn":"ADBE Vector Graphic - Fill","hd":false},{"ty":"tr","p":{"a":0,"k":[327.103,596.482],"ix":2},"a":{"a":0,"k":[0,0],"ix":1},"s":{"a":0,"k":[100,100],"ix":3},"r":{"a":0,"k":0,"ix":6},"o":{"a":0,"k":100,"ix":7},"sk":{"a":0,"k":0,"ix":4},"sa":{"a":0,"k":0,"ix":5},"nm":"Transform"}],"nm":"Group 3","np":2,"cix":2,"bm":0,"ix":2,"mn":"ADBE Vector Group","hd":false},{"ty":"gr","it":[{"ind":0,"ty":"sh","ix":1,"ks":{"a":0,"k":{"i":[[0,0],[0,0],[0,0],[0,0]],"o":[[0,0],[0,0],[0,0],[0,0]],"v":[[-63.31,-63.31],[63.311,-63.31],[63.311,63.31],[-63.31,63.31]],"c":true},"ix":2},"nm":"Path 1","mn":"ADBE Vector Shape - Group","hd":false},{"ty":"fl","c":{"a":0,"k":[0.991999966491,0.713999968884,0.184000007779,1],"ix":4},"o":{"a":0,"k":100,"ix":5},"r":1,"bm":0,"nm":"Fill 1","mn":"ADBE Vector Graphic - Fill","hd":false},{"ty":"tr","p":{"a":0,"k":[327.104,638.69],"ix":2},"a":{"a":0,"k":[0,0],"ix":1},"s":{"a":0,"k":[100,100],"ix":3},"r":{"a":0,"k":0,"ix":6},"o":{"a":0,"k":100,"ix":7},"sk":{"a":0,"k":0,"ix":4},"sa":{"a":0,"k":0,"ix":5},"nm":"Transform"}],"nm":"Group 4","np":2,"cix":2,"bm":0,"ix":3,"mn":"ADBE Vector Group","hd":false}],"ip":227,"op":276,"st":0,"bm":0},{"ddd":0,"ind":3,"ty":4,"nm":"Pakage 1","sr":1,"ks":{"o":{"a":0,"k":100,"ix":11},"r":{"a":1,"k":[{"i":{"x":[0.667],"y":[1]},"o":{"x":[0.167],"y":[0.167]},"t":227,"s":[0],"e":[360]},{"t":242}],"ix":10},"p":{"a":1,"k":[{"i":{"x":0.667,"y":1},"o":{"x":0.167,"y":0.167},"t":227,"s":[-362,64,0],"e":[284,252,0],"to":[107.667,31.333,0],"ti":[-107.667,-31.333,0]},{"t":242}],"ix":2},"a":{"a":0,"k":[306,396,0],"ix":1},"s":{"a":0,"k":[82,82,100],"ix":6}},"ao":0,"shapes":[{"ty":"gr","it":[{"ind":0,"ty":"sh","ix":1,"ks":{"a":0,"k":{"i":[[0,0],[0,0],[0,0],[46.649,-9.106]],"o":[[0,0],[0,0],[-36.404,30.547],[0,0]],"v":[[-63.311,42.682],[63.31,42.682],[63.31,-42.681],[-63.311,17.78]],"c":true},"ix":2},"nm":"Path 1","mn":"ADBE Vector Shape - Group","hd":false},{"ty":"fl","c":{"a":0,"k":[1,0.635000011968,0.187999994615,1],"ix":4},"o":{"a":0,"k":100,"ix":5},"r":1,"bm":0,"nm":"Fill 1","mn":"ADBE Vector Graphic - Fill","hd":false},{"ty":"tr","p":{"a":0,"k":[453.725,659.318],"ix":2},"a":{"a":0,"k":[0,0],"ix":1},"s":{"a":0,"k":[100,100],"ix":3},"r":{"a":0,"k":0,"ix":6},"o":{"a":0,"k":100,"ix":7},"sk":{"a":0,"k":0,"ix":4},"sa":{"a":0,"k":0,"ix":5},"nm":"Transform"}],"nm":"Group 5","np":2,"cix":2,"bm":0,"ix":1,"mn":"ADBE Vector Group","hd":false},{"ty":"gr","it":[{"ind":0,"ty":"sh","ix":1,"ks":{"a":0,"k":{"i":[[0,0],[0,0],[0,0],[0,0]],"o":[[0,0],[0,0],[0,0],[0,0]],"v":[[-21.103,-21.103],[21.103,-21.103],[21.103,21.103],[-21.103,21.103]],"c":true},"ix":2},"nm":"Path 1","mn":"ADBE Vector Shape - Group","hd":false},{"ty":"fl","c":{"a":0,"k":[0.991999966491,0.481999984442,0.184000007779,1],"ix":4},"o":{"a":0,"k":100,"ix":5},"r":1,"bm":0,"nm":"Fill 1","mn":"ADBE Vector Graphic - Fill","hd":false},{"ty":"tr","p":{"a":0,"k":[453.724,596.482],"ix":2},"a":{"a":0,"k":[0,0],"ix":1},"s":{"a":0,"k":[100,100],"ix":3},"r":{"a":0,"k":0,"ix":6},"o":{"a":0,"k":100,"ix":7},"sk":{"a":0,"k":0,"ix":4},"sa":{"a":0,"k":0,"ix":5},"nm":"Transform"}],"nm":"Group 6","np":2,"cix":2,"bm":0,"ix":2,"mn":"ADBE Vector Group","hd":false},{"ty":"gr","it":[{"ind":0,"ty":"sh","ix":1,"ks":{"a":0,"k":{"i":[[0,0],[0,0],[0,0],[0,0]],"o":[[0,0],[0,0],[0,0],[0,0]],"v":[[-63.311,-63.31],[63.311,-63.31],[63.311,63.31],[-63.311,63.31]],"c":true},"ix":2},"nm":"Path 1","mn":"ADBE Vector Shape - Group","hd":false},{"ty":"fl","c":{"a":0,"k":[0.991999966491,0.713999968884,0.184000007779,1],"ix":4},"o":{"a":0,"k":100,"ix":5},"r":1,"bm":0,"nm":"Fill 1","mn":"ADBE Vector Graphic - Fill","hd":false},{"ty":"tr","p":{"a":0,"k":[453.725,638.69],"ix":2},"a":{"a":0,"k":[0,0],"ix":1},"s":{"a":0,"k":[100,100],"ix":3},"r":{"a":0,"k":0,"ix":6},"o":{"a":0,"k":100,"ix":7},"sk":{"a":0,"k":0,"ix":4},"sa":{"a":0,"k":0,"ix":5},"nm":"Transform"}],"nm":"Group 7","np":2,"cix":2,"bm":0,"ix":3,"mn":"ADBE Vector Group","hd":false}],"ip":227,"op":276,"st":0,"bm":0},{"ddd":0,"ind":4,"ty":4,"nm":"warehouse Outlines","sr":1,"ks":{"o":{"a":0,"k":100,"ix":11},"r":{"a":0,"k":0,"ix":10},"p":{"a":0,"k":[250,252,0],"ix":2},"a":{"a":0,"k":[306,396,0],"ix":1},"s":{"a":0,"k":[82,82,100],"ix":6}},"ao":0,"shapes":[{"ty":"gr","it":[{"ind":0,"ty":"sh","ix":1,"ks":{"a":0,"k":{"i":[[0,0],[0,0],[0,0],[0,0]],"o":[[0,0],[0,0],[0,0],[0,0]],"v":[[-52.759,-10.552],[52.758,-10.552],[52.758,10.551],[-52.759,10.551]],"c":true},"ix":2},"nm":"Path 1","mn":"ADBE Vector Shape - Group","hd":false},{"ty":"fl","c":{"a":0,"k":[0.243000000598,0.54900004069,0.779999976065,1],"ix":4},"o":{"a":0,"k":100,"ix":5},"r":1,"bm":0,"nm":"Fill 1","mn":"ADBE Vector Graphic - Fill","hd":false},{"ty":"tr","p":{"a":0,"k":[306,290.484],"ix":2},"a":{"a":0,"k":[0,0],"ix":1},"s":{"a":0,"k":[100,100],"ix":3},"r":{"a":0,"k":0,"ix":6},"o":{"a":0,"k":100,"ix":7},"sk":{"a":0,"k":0,"ix":4},"sa":{"a":0,"k":0,"ix":5},"nm":"Transform"}],"nm":"Group 1","np":2,"cix":2,"bm":0,"ix":1,"mn":"ADBE Vector Group","hd":false},{"ty":"gr","it":[{"ind":0,"ty":"sh","ix":1,"ks":{"a":0,"k":{"i":[[0,0],[0,0],[0,0],[0,0]],"o":[[0,0],[0,0],[0,0],[0,0]],"v":[[-52.759,-21.103],[52.758,-21.103],[52.758,21.103],[-52.759,21.103]],"c":true},"ix":2},"nm":"Path 1","mn":"ADBE Vector Shape - Group","hd":false},{"ty":"fl","c":{"a":0,"k":[0.898000021542,0.898000021542,0.898000021542,1],"ix":4},"o":{"a":0,"k":100,"ix":5},"r":1,"bm":0,"nm":"Fill 1","mn":"ADBE Vector Graphic - Fill","hd":false},{"ty":"tr","p":{"a":0,"k":[306,258.827],"ix":2},"a":{"a":0,"k":[0,0],"ix":1},"s":{"a":0,"k":[100,100],"ix":3},"r":{"a":0,"k":0,"ix":6},"o":{"a":0,"k":100,"ix":7},"sk":{"a":0,"k":0,"ix":4},"sa":{"a":0,"k":0,"ix":5},"nm":"Transform"}],"nm":"Group 11","np":2,"cix":2,"bm":0,"ix":11,"mn":"ADBE Vector Group","hd":false},{"ty":"gr","it":[{"ind":0,"ty":"sh","ix":1,"ks":{"a":0,"k":{"i":[[0,0],[0,0],[0,0],[0,0]],"o":[[0,0],[0,0],[0,0],[0,0]],"v":[[-253.241,-10.552],[253.242,-10.552],[253.242,10.551],[-253.241,10.551]],"c":true},"ix":2},"nm":"Path 1","mn":"ADBE Vector Shape - Group","hd":false},{"ty":"fl","c":{"a":0,"k":[0.811999990426,0.811999990426,0.811999990426,1],"ix":4},"o":{"a":0,"k":100,"ix":5},"r":1,"bm":0,"nm":"Fill 1","mn":"ADBE Vector Graphic - Fill","hd":false},{"ty":"tr","p":{"a":0,"k":[306,364.346],"ix":2},"a":{"a":0,"k":[0,0],"ix":1},"s":{"a":0,"k":[100,100],"ix":3},"r":{"a":0,"k":0,"ix":6},"o":{"a":0,"k":100,"ix":7},"sk":{"a":0,"k":0,"ix":4},"sa":{"a":0,"k":0,"ix":5},"nm":"Transform"}],"nm":"Group 12","np":2,"cix":2,"bm":0,"ix":12,"mn":"ADBE Vector Group","hd":false},{"ty":"gr","it":[{"ind":0,"ty":"sh","ix":1,"ks":{"a":0,"k":{"i":[[0,0],[0,0],[0,0],[0,0]],"o":[[0,0],[0,0],[0,0],[0,0]],"v":[[-253.241,-42.207],[253.242,-42.207],[253.242,42.207],[-253.241,42.207]],"c":true},"ix":2},"nm":"Path 1","mn":"ADBE Vector Shape - Group","hd":false},{"ty":"fl","c":{"a":0,"k":[0.898000021542,0.898000021542,0.898000021542,1],"ix":4},"o":{"a":0,"k":100,"ix":5},"r":1,"bm":0,"nm":"Fill 1","mn":"ADBE Vector Graphic - Fill","hd":false},{"ty":"tr","p":{"a":0,"k":[306,364.345],"ix":2},"a":{"a":0,"k":[0,0],"ix":1},"s":{"a":0,"k":[100,100],"ix":3},"r":{"a":0,"k":0,"ix":6},"o":{"a":0,"k":100,"ix":7},"sk":{"a":0,"k":0,"ix":4},"sa":{"a":0,"k":0,"ix":5},"nm":"Transform"}],"nm":"Group 13","np":2,"cix":2,"bm":0,"ix":13,"mn":"ADBE Vector Group","hd":false},{"ty":"gr","it":[{"ind":0,"ty":"sh","ix":1,"ks":{"a":0,"k":{"i":[[0,0],[0,0],[0,0],[17.02,-3.587]],"o":[[0,0],[0,0],[-18.15,4.431],[0,0]],"v":[[-26.38,49.013],[26.38,49.013],[26.38,-49.013],[-26.38,-36.984]],"c":true},"ix":2},"nm":"Path 1","mn":"ADBE Vector Shape - Group","hd":false},{"ty":"fl","c":{"a":0,"k":[0.243000000598,0.54900004069,0.779999976065,1],"ix":4},"o":{"a":0,"k":100,"ix":5},"r":1,"bm":0,"nm":"Fill 1","mn":"ADBE Vector Graphic - Fill","hd":false},{"ty":"tr","p":{"a":0,"k":[26.379,652.987],"ix":2},"a":{"a":0,"k":[0,0],"ix":1},"s":{"a":0,"k":[100,100],"ix":3},"r":{"a":0,"k":0,"ix":6},"o":{"a":0,"k":100,"ix":7},"sk":{"a":0,"k":0,"ix":4},"sa":{"a":0,"k":0,"ix":5},"nm":"Transform"}],"nm":"Group 14","np":2,"cix":2,"bm":0,"ix":14,"mn":"ADBE Vector Group","hd":false},{"ty":"gr","it":[{"ind":0,"ty":"sh","ix":1,"ks":{"a":0,"k":{"i":[[0,0],[0,0],[0,0],[17.801,-11.185]],"o":[[0,0],[0,0],[-17.379,12.24],[0,0]],"v":[[-26.379,171.254],[26.38,171.254],[26.38,-171.254],[-26.379,-136.117]],"c":true},"ix":2},"nm":"Path 1","mn":"ADBE Vector Shape - Group","hd":false},{"ty":"fl","c":{"a":0,"k":[0.243000000598,0.54900004069,0.779999976065,1],"ix":4},"o":{"a":0,"k":100,"ix":5},"r":1,"bm":0,"nm":"Fill 1","mn":"ADBE Vector Graphic - Fill","hd":false},{"ty":"tr","p":{"a":0,"k":[585.621,530.746],"ix":2},"a":{"a":0,"k":[0,0],"ix":1},"s":{"a":0,"k":[100,100],"ix":3},"r":{"a":0,"k":0,"ix":6},"o":{"a":0,"k":100,"ix":7},"sk":{"a":0,"k":0,"ix":4},"sa":{"a":0,"k":0,"ix":5},"nm":"Transform"}],"nm":"Group 15","np":4,"cix":2,"bm":0,"ix":15,"mn":"ADBE Vector Group","hd":false},{"ty":"gr","it":[{"ind":0,"ty":"sh","ix":1,"ks":{"a":0,"k":{"i":[[0,0],[0,0],[0,0],[0,0],[0,0],[0,0],[0,0],[0,0],[0,0]],"o":[[0,0],[0,0],[0,0],[0,0],[0,0],[0,0],[0,0],[0,0],[0,0]],"v":[[-306,-137.173],[-306,306],[-253.241,306],[-253.241,-73.862],[253.241,-73.862],[253.241,306],[306,306],[306,-126.621],[0,-306]],"c":true},"ix":2},"nm":"Path 1","mn":"ADBE Vector Shape - Group","hd":false},{"ty":"fl","c":{"a":0,"k":[0.263000009574,0.596000043084,0.819999964097,1],"ix":4},"o":{"a":0,"k":100,"ix":5},"r":1,"bm":0,"nm":"Fill 1","mn":"ADBE Vector Graphic - Fill","hd":false},{"ty":"tr","p":{"a":0,"k":[306,396],"ix":2},"a":{"a":0,"k":[0,0],"ix":1},"s":{"a":0,"k":[100,100],"ix":3},"r":{"a":0,"k":0,"ix":6},"o":{"a":0,"k":100,"ix":7},"sk":{"a":0,"k":0,"ix":4},"sa":{"a":0,"k":0,"ix":5},"nm":"Transform"}],"nm":"Group 16","np":2,"cix":2,"bm":0,"ix":16,"mn":"ADBE Vector Group","hd":false}],"ip":227,"op":276,"st":0,"bm":0},{"ddd":0,"ind":5,"ty":0,"nm":"Coupon","refId":"comp_0","sr":1,"ks":{"o":{"a":0,"k":100,"ix":11},"r":{"a":0,"k":0,"ix":10},"p":{"a":0,"k":[250,250,0],"ix":2},"a":{"a":0,"k":[250,250,0],"ix":1},"s":{"a":0,"k":[100,100,100],"ix":6}},"ao":0,"w":500,"h":500,"ip":0,"op":48,"st":-227,"bm":0},{"ddd":0,"ind":6,"ty":0,"nm":"Cart","refId":"comp_1","sr":1,"ks":{"o":{"a":0,"k":100,"ix":11},"r":{"a":0,"k":0,"ix":10},"p":{"a":0,"k":[250,250,0],"ix":2},"a":{"a":0,"k":[250,250,0],"ix":1},"s":{"a":0,"k":[100,100,100],"ix":6}},"ao":0,"w":500,"h":500,"ip":173,"op":227,"st":1,"bm":0}],"markers":[]}